organization,updated,people_reached_annually,category,id,location.street,location.city,location.state,location.zip,location.lat,location.lng,phone,url.login,url.logo,url.mobile,url.screenshot,url.web,description,features,bb_logo,view.active_prescriptions,view.allergies,view.appointment_history,view.claims,view.clinical_notes,view.diagnostics,view.family_history,view.imaging,view.immunizations,view.lab_results,view.medical_history,view.medications,view.pathology,view.prescriptions,view.problems,view.visit_history,view.vitals,download.text,download.pdf,download.c32,download.ccda,download.other,transmit.automation,transmit.direct.enabled,transmit.direct.trust_bundles.patient,transmit.direct.trust_bundles.provider,transmit.direct.trust_bundles.other,transmit.rest.enabled,transmit.rest.registries,services.automatic_refills,services.bill_pay,services.caregiving,services.dispute,services.family_prescriptions,services.new_prescriptions,services.refills,services.reminders,services.scheduling,services.search,services.secure_messaging,services.self_entered,services.shop,services.test_request,services.transfer_prescriptions
US Department of Veterans Affairs,2014-01-29T23:49:00.000Z,2300000,provider,us-department-of-veterans-affairs,810 Vermont Ave NW,Washington,DC,20420,38.900445,-77.035276,(800) 827-1000,https://www.myhealth.va.gov/,http://www.erie.va.gov/images/MHV_sm_logo.jpg,,,https://www.myhealth.va.gov/,"My HealtheVet is VA’s online personal health record. It's designed for Veterans, active duty service members, their dependents and caregivers. My HealtheVet helps you partner with your health care team. It provides you opportunities and tools to make informed decisions and manage your health care.",,TRUE,TRUE,TRUE,TRUE,FALSE,,,,FALSE,TRUE,TRUE,TRUE,TRUE,,TRUE,TRUE,TRUE,TRUE,TRUE,TRUE,TRUE,FALSE,FALSE,FALSE,FALSE,FALSE,FALSE,,FALSE,FALSE,FALSE,FALSE,FALSE,FALSE,FALSE,FALSE,TRUE,FALSE,TRUE,FALSE,TRUE,TRUE,FALSE,FALSE,FALSE
US Department of Veterans Affairs (Insurance),2014-02-25T22:49:00.000Z,2300000,insurance,us-department-of-veterans-affairs--insurance-,810 Vermont Ave NW,Washington,DC,20420,38.900445,-77.035276,(800) 827-1000,https://www.myhealth.va.gov/,http://www.erie.va.gov/images/MHV_sm_logo.jpg,,,https://www.myhealth.va.gov/,"My HealtheVet is VA’s online personal health record. It's designed for Veterans, active duty service members, their dependents and caregivers. My HealtheVet helps you partner with your health care team. It provides you opportunities and tools to make informed decisions and manage your health care.",,TRUE,TRUE,TRUE,TRUE,FALSE,,,,FALSE,TRUE,TRUE,TRUE,TRUE,,TRUE,TRUE,TRUE,TRUE,TRUE,TRUE,TRUE,FALSE,FALSE,FALSE,FALSE,FALSE,FALSE,,FALSE,FALSE,FALSE,FALSE,FALSE,FALSE,FALSE,FALSE,TRUE,FALSE,TRUE,FALSE,TRUE,TRUE,FALSE,FALSE,FALSE
John Muir Health,2014-01-29T23:49:00.000Z,,provider,john-muir-health,,Concord,California ,,37.9779776,-122.0310733,,https://app.relayhealth.com/security/login/default.aspx?bid=jmh&cmp=rhe-0511-1000,,,,,"A leader in health care in the San Francisco Bay Area, John Muir Health is a not-for-profit integrated system of doctors, hospitals and other services. We make a commitment to provide the highest quality patient care to our patients every day through the contributions of our physicians, employees and volunteers.",,FALSE,FALSE,FALSE,FALSE,TRUE,FALSE,FALSE,,FALSE,FALSE,FALSE,FALSE,FALSE,FALSE,FALSE,FALSE,FALSE,,FALSE,FALSE,FALSE,FALSE,,FALSE,FALSE,FALSE,FALSE,FALSE,FALSE,,,TRUE,TRUE,,,,,,TRUE,TRUE,TRUE,FALSE,FALSE,FALSE,FALSE
Beth Israel Deaconess Medical Center,2014-01-29T23:49:00.000Z,,provider,beth-israel-deaconess-medical-center,,Boston,Massachusetts,,42.3584308,-71.0597732,,https://www.patientsite.org/login.aspx,,,,,"Beth Israel Deaconess, a major teaching hospital of Harvard Medical School, is a fully integrated medical center providing adult services from cardiology to obstetrics, gastrointestinal disorders to cancer care. - See more at: http://www.bidmc.org/About-BIDMC.aspx#sthash.yh1t87IS.dpuf",,FALSE,TRUE,TRUE,TRUE,FALSE,TRUE,TRUE,TRUE,TRUE,TRUE,TRUE,TRUE,TRUE,TRUE,TRUE,TRUE,TRUE,FALSE,FALSE,FALSE,FALSE,FALSE,,FALSE,FALSE,FALSE,FALSE,FALSE,FALSE,FALSE,FALSE,FALSE,FALSE,FALSE,FALSE,FALSE,FALSE,FALSE,TRUE,FALSE,TRUE,TRUE,FALSE,FALSE,FALSE
Bon Secours Health System,2014-01-29T23:49:00.000Z,,provider,bon-secours-health-system,,Richmond,Virginia ,,37.5407246,-77.4360481,,https://mychart.mybonsecours.com/mychart/,,,,,The Mission of the Bon Secours Health System is to bring compassion to healthcare and to be good help to those in need.,,FALSE,TRUE,TRUE,TRUE,FALSE,FALSE,FALSE,TRUE,FALSE,FALSE,TRUE,TRUE,TRUE,FALSE,TRUE,TRUE,TRUE,FALSE,FALSE,FALSE,FALSE,FALSE,FALSE,FALSE,FALSE,FALSE,FALSE,FALSE,FALSE,FALSE,TRUE,FALSE,TRUE,FALSE,TRUE,,TRUE,TRUE,TRUE,FALSE,FALSE,FALSE,FALSE,FALSE,FALSE
Carolinas Healthcare (CHS),2014-01-29T23:49:00.000Z,,provider,carolinas-healthcare--chs-,,,South Carolina,,33.836081,-81.1637245,,https://myhealth.carolinas.org/GEPOL/User/login.aspx?ReturnUrl=%2fGEPOL%2flogin.aspx,,,,,"Carolinas HealthCare System, one of the nation's leading and most innovative healthcare organizations, provides a full spectrum of healthcare and wellness programs throughout North and South Carolina.",,FALSE,TRUE,FALSE,FALSE,FALSE,FALSE,TRUE,FALSE,FALSE,FALSE,TRUE,FALSE,FALSE,FALSE,TRUE,FALSE,FALSE,FALSE,FALSE,FALSE,FALSE,FALSE,FALSE,FALSE,FALSE,FALSE,FALSE,FALSE,FALSE,FALSE,FALSE,TRUE,FALSE,FALSE,FALSE,FALSE,TRUE,FALSE,TRUE,FALSE,TRUE,FALSE,FALSE,FALSE,FALSE
Children's Hospital Colorado,2014-01-29T23:49:00.000Z,,provider,children-s-hospital-colorado,,Aurora,Colorado,,39.7294319,-104.8319195,,https://mychart.childrenscolorado.org/MyChart/,,,,,"As a private, not-for-profit pediatric healthcare network, Children's Hospital Colorado is 100% dedicated to caring for kids at all ages and stages of growth. We have more than 1,000 pediatric specialists and more than 3,000 full-time employees helping to carry out our mission.

",,FALSE,TRUE,TRUE,TRUE,FALSE,FALSE,FALSE,FALSE,FALSE,FALSE,TRUE,TRUE,TRUE,FALSE,TRUE,TRUE,TRUE,FALSE,FALSE,FALSE,FALSE,FALSE,FALSE,FALSE,FALSE,FALSE,FALSE,FALSE,FALSE,FALSE,TRUE,FALSE,FALSE,FALSE,FALSE,FALSE,TRUE,FALSE,TRUE,FALSE,TRUE,FALSE,FALSE,FALSE,FALSE
Cleveland Clinic,2014-01-29T23:49:00.000Z,,provider,cleveland-clinic,,Cleveland,Ohio,,41.4994954,-81.6954088,,https://mychart.clevelandclinic.org/default.asp,,,,,We are a nonprofit multispecialty academic medical center that integrates clinical and hospital care with research and education.,,FALSE,TRUE,TRUE,TRUE,FALSE,FALSE,FALSE,FALSE,FALSE,FALSE,TRUE,TRUE,TRUE,TRUE,TRUE,TRUE,TRUE,FALSE,FALSE,FALSE,FALSE,FALSE,FALSE,FALSE,FALSE,FALSE,FALSE,FALSE,FALSE,FALSE,TRUE,FALSE,TRUE,FALSE,FALSE,FALSE,TRUE,TRUE,TRUE,FALSE,TRUE,FALSE,FALSE,FALSE,FALSE
Geisinger Health System,2014-01-29T23:49:00.000Z,,provider,geisinger-health-system,,Danville,Pennsylvania,,40.96342,-76.6127329,,https://mygeisinger.geisinger.org/mygeisinger/features.cfm,,,,,"Geisinger is an integrated health services organization widely recognized for its innovative use of the electronic health record, and the development and implementation of innovative care models including ProvenHealth Navigator, an advanced medical home model, and ProvenCare program. ",,FALSE,TRUE,TRUE,TRUE,FALSE,,TRUE,TRUE,FALSE,TRUE,TRUE,TRUE,TRUE,TRUE,TRUE,TRUE,TRUE,TRUE,FALSE,FALSE,FALSE,FALSE,FALSE,FALSE,FALSE,FALSE,FALSE,FALSE,FALSE,FALSE,TRUE,TRUE,TRUE,FALSE,TRUE,FALSE,TRUE,TRUE,TRUE,FALSE,TRUE,TRUE,FALSE,FALSE,FALSE
Greenville Health System,2014-01-29T23:49:00.000Z,,provider,greenville-health-system,,Greenville,South Carolina,,34.8526176,-82.3940104,,https://mycw29.eclinicalweb.com/portal2947/jsp/100mp/login.jsp,,,,,The Greenville Health System HealthCare Support Portal facilitates better communication with your physician's office by providing convenient 24 x 7 access.,,FALSE,FALSE,FALSE,FALSE,FALSE,FALSE,FALSE,FALSE,FALSE,FALSE,TRUE,TRUE,FALSE,FALSE,FALSE,TRUE,TRUE,FALSE,FALSE,FALSE,FALSE,FALSE,FALSE,FALSE,FALSE,FALSE,FALSE,FALSE,FALSE,FALSE,FALSE,FALSE,FALSE,FALSE,FALSE,FALSE,FALSE,FALSE,FALSE,FALSE,FALSE,FALSE,FALSE,FALSE,FALSE
"Harbor Health Services, Inc.",2014-01-29T23:49:00.000Z,,provider,harbor-health-services--inc-,,Mattapan,Massachusetts,,42.2771417,-71.0913748,,https://www.nextmd.com/Login/Login.aspx,,,,,"Harbor Health Services, Inc.is a nonprofit, public health agency committed to providing quality, comprehensive health care in urban Boston neighborhoods, the South Shore and Cape Cod communities.",,FALSE,TRUE,TRUE,FALSE,FALSE,FALSE,FALSE,FALSE,FALSE,FALSE,FALSE,TRUE,FALSE,FALSE,TRUE,TRUE,FALSE,FALSE,FALSE,FALSE,FALSE,FALSE,FALSE,FALSE,FALSE,FALSE,FALSE,FALSE,FALSE,FALSE,TRUE,FALSE,FALSE,FALSE,FALSE,FALSE,TRUE,FALSE,TRUE,FALSE,TRUE,FALSE,FALSE,FALSE,FALSE
Hudson River HealthCare,2014-01-29T23:49:00.000Z,,provider,hudson-river-healthcare,,Peekskill,New York,,41.2900939,-73.9204158,,https://mycw29.eclinicalweb.com/portal2984/jsp/100mp/login.jsp,,,,,"As a patient-centered medical home, we focus on long-term, collaborative relationships between doctors and patients, coordinated care and technology to meet each patient’s unique needs",,FALSE,FALSE,FALSE,FALSE,FALSE,FALSE,FALSE,FALSE,FALSE,FALSE,TRUE,TRUE,FALSE,FALSE,FALSE,TRUE,TRUE,FALSE,FALSE,FALSE,FALSE,FALSE,FALSE,FALSE,FALSE,FALSE,FALSE,FALSE,FALSE,FALSE,FALSE,FALSE,FALSE,FALSE,FALSE,FALSE,FALSE,FALSE,FALSE,FALSE,FALSE,FALSE,FALSE,FALSE,FALSE
Kaiser Permanente,2014-01-29T23:49:00.000Z,,provider ,kaiser-permanente,,Oakland,California ,,37.8043637,-122.2711137,,https://healthy.kaiserpermanente.org/health/care/signon,,,,,"We’ve been there for you in the past, providing health care for more than 60 years. We’re here for you today and in days to come, with our ongoing commitment to quality. And we share this tradition and commitment by reaching out to your community, and promoting health and wellness for all.",,FALSE,TRUE,TRUE,TRUE,TRUE,FALSE,TRUE,TRUE,TRUE,TRUE,TRUE,TRUE,TRUE,TRUE,TRUE,TRUE,TRUE,FALSE,FALSE,FALSE,FALSE,FALSE,FALSE,FALSE,FALSE,FALSE,FALSE,FALSE,FALSE,FALSE,FALSE,TRUE,FALSE,TRUE,FALSE,TRUE,TRUE,TRUE,TRUE,TRUE,TRUE,FALSE,TRUE,FALSE,FALSE
Mayo Clinic,2014-01-29T23:49:00.000Z,,provider,mayo-clinic,,Rochester,Minnesota,,44.0234,-92.46295,,https://login.mayoclinic.org/adfs/ls/?wa=wsignin1.0&wtrealm=https%3a%2f%2fonlineservices.mayoclinic.org%2fGW%2f&wctx=rm%3d0%26id%3dpassive%26ru%3d%252fGW%252f%253fDataTokens%253dSystem.Web.Routing.RouteValueDictionary%2526Values%253dSystem.Web.Routing.RouteValueDictionary&wct=2013-08-19T14%3a20%3a49Z&whr=http%3a%2f%2flogin.mayoclinic.org%2fadfs%2fservices%2ftrust,,,,,"Mayo Clinic is a nonprofit worldwide leader in medical care, research and education for people from all walks of life. ",,FALSE,TRUE,TRUE,TRUE,TRUE,TRUE,TRUE,TRUE,FALSE,FALSE,TRUE,TRUE,TRUE,TRUE,TRUE,TRUE,TRUE,TRUE,FALSE,FALSE,FALSE,FALSE,FALSE,FALSE,FALSE,FALSE,FALSE,FALSE,FALSE,FALSE,FALSE,FALSE,FALSE,FALSE,FALSE,FALSE,FALSE,FALSE,FALSE,FALSE,FALSE,FALSE,FALSE,FALSE,FALSE
Moffitt Cancer Center,2014-01-29T23:49:00.000Z,,provider,moffitt-cancer-center,,Tampa,Florida,,27.950575,-82.4571776,,https://login.moffitt.org/cleartrust/ct_logon_en.html,,,,,"Moffitt Cancer Center in Tampa, Florida, has made a lasting commitment to the prevention and cure of cancer, working tirelessly in the areas of patient care, research and education to advance one step further in fighting this disease. ",,FALSE,FALSE,FALSE,FALSE,FALSE,FALSE,TRUE,FALSE,FALSE,FALSE,TRUE,FALSE,FALSE,FALSE,FALSE,FALSE,FALSE,FALSE,FALSE,FALSE,FALSE,FALSE,FALSE,FALSE,FALSE,FALSE,FALSE,FALSE,FALSE,FALSE,FALSE,FALSE,FALSE,FALSE,FALSE,FALSE,FALSE,FALSE,TRUE,FALSE,TRUE,FALSE,FALSE,FALSE,FALSE
Aspirus Grand View,2014-01-29T23:49:00.000Z,,provider,aspirus-grand-view,,Wausau,Wisconsin,,44.9591352,-89.6301221,,https://myaspirus.org/MyChart,,,,,"MyAspirus is a portal to personal health information, currently available to patients of participating Aspirus Clinics. Contact your Aspirus Clinic for more information.",,FALSE,FALSE,TRUE,FALSE,FALSE,FALSE,FALSE,FALSE,FALSE,FALSE,TRUE,TRUE,FALSE,FALSE,TRUE,TRUE,FALSE,FALSE,FALSE,FALSE,FALSE,FALSE,FALSE,FALSE,FALSE,FALSE,FALSE,FALSE,FALSE,FALSE,FALSE,FALSE,FALSE,FALSE,FALSE,FALSE,TRUE,FALSE,TRUE,FALSE,TRUE,FALSE,FALSE,FALSE,FALSE
Palo Alto Medical Foundation,2014-01-29T23:49:00.000Z,,provider,palo-alto-medical-foundation,,Sacramento,California,,38.5815719,-121.4943996,,https://myhealthonline.sutterhealth.org/mho/?mode=home&aff=26,,,,,"Sutter Health offers our patients one of the most comprehensive sets of Web-based health services in the country. You can now manage your health online to view key components of your Sutter Health's Electronic Health Record and authoritative information approved by your clinician, anytime and anyplace you have Internet access.",,FALSE,FALSE,TRUE,TRUE,FALSE,FALSE,FALSE,FALSE,FALSE,TRUE,FALSE,TRUE,FALSE,FALSE,FALSE,FALSE,FALSE,FALSE,FALSE,FALSE,FALSE,FALSE,FALSE,FALSE,FALSE,FALSE,FALSE,FALSE,FALSE,FALSE,FALSE,FALSE,TRUE,FALSE,FALSE,FALSE,FALSE,FALSE,TRUE,FALSE,TRUE,FALSE,FALSE,FALSE,FALSE
Partners Healthcare,2014-01-29T23:49:00.000Z,,provider,partners-healthcare,,Boston,Massachusetts,,42.3584308,-71.0597732,,https://www.patientgateway.org/scripts/phsweb.mwl?APP=PTGW&OPT=START,,,,,"Partners HealthCare is a not-for-profit health care system that is committed to patient care, research, teaching, and service to the community locally and globally. Collaboration among our institutions and health care professionals is central to our efforts to advance our mission.",,FALSE,TRUE,FALSE,FALSE,FALSE,FALSE,FALSE,FALSE,FALSE,FALSE,TRUE,FALSE,FALSE,FALSE,TRUE,FALSE,FALSE,FALSE,FALSE,FALSE,FALSE,FALSE,FALSE,FALSE,FALSE,FALSE,FALSE,FALSE,FALSE,FALSE,FALSE,TRUE,FALSE,FALSE,FALSE,TRUE,TRUE,FALSE,TRUE,FALSE,FALSE,FALSE,FALSE,FALSE,FALSE
Petaluma Health Center,2014-01-29T23:49:00.000Z,,provider,petaluma-health-center,,Petaluma,California,,38.232417,-122.6366524,,https://mycw3.eclinicalweb.com/peta/jsp/100mp/login.jsp,,https://itunes.apple.com/us/app/healow/id595012291?ls=1&mt=8,,,Petaluma Health Center Patient Portal facilitates better communication with your provider's office by providing 24X7 access from the comfort and privacy of your own home or office.,,FALSE,TRUE,TRUE,TRUE,FALSE,FALSE,TRUE,TRUE,FALSE,FALSE,TRUE,TRUE,TRUE,FALSE,TRUE,TRUE,FALSE,FALSE,FALSE,FALSE,FALSE,FALSE,FALSE,FALSE,FALSE,FALSE,FALSE,FALSE,FALSE,FALSE,FALSE,FALSE,FALSE,FALSE,FALSE,FALSE,TRUE,FALSE,TRUE,TRUE,TRUE,FALSE,FALSE,FALSE,FALSE
River Falls Medical Clinics,2014-01-29T23:49:00.000Z,,provider,river-falls-medical-clinics,,Spring Valley,Wisconsin,,44.8452432,-92.2387957,,https://cernerhealth.com/oauth/authenticate?client_id=iqhealth&redirect_uri=https://iqhealth.com/login/cerner-health/authenticated&sign_in_only=on,,,,,Three clinics staffed by dedicated medical professionals with one mission: To provide high quality health care to western Wisconsin communities.,,FALSE,FALSE,FALSE,FALSE,FALSE,FALSE,FALSE,FALSE,FALSE,FALSE,FALSE,TRUE,FALSE,FALSE,FALSE,TRUE,FALSE,FALSE,FALSE,FALSE,FALSE,FALSE,FALSE,FALSE,FALSE,FALSE,FALSE,FALSE,FALSE,FALSE,FALSE,FALSE,FALSE,FALSE,FALSE,FALSE,FALSE,FALSE,FALSE,FALSE,FALSE,FALSE,FALSE,FALSE,FALSE
Texas Health Resources,2014-01-29T23:49:00.000Z,,provider,texas-health-resources,,Arlington,Texas,,32.735687,-97.1080656,,https://mycare.texashealth.org/MyCare/,,,,,"The hospitals of Texas Health Resources are branded as Texas Health Presbyterian, Texas Health Harris Methodist and Texas Health Arlington Memorial.",,FALSE,TRUE,FALSE,TRUE,FALSE,FALSE,FALSE,FALSE,FALSE,FALSE,TRUE,FALSE,FALSE,FALSE,TRUE,FALSE,FALSE,FALSE,FALSE,FALSE,FALSE,FALSE,FALSE,FALSE,FALSE,FALSE,FALSE,FALSE,FALSE,FALSE,FALSE,FALSE,FALSE,FALSE,FALSE,FALSE,TRUE,FALSE,TRUE,FALSE,TRUE,FALSE,FALSE,FALSE,FALSE
The Institute for Family Health,2014-01-29T23:49:00.000Z,,provider,the-institute-for-family-health,,New York,New York,,40.7143528,-74.0059731,,https://www.mychartmyhealth.org/myc-prod/,,,,,"The Institute for Family Health is a mission-driven health organization with a rich history and expert leadership. Since 1983 we have grown from a small non-profit with four staff members to one of the largest community health centers in New York State, serving over 80,000 patients annually at 26 locations.",,FALSE,TRUE,FALSE,TRUE,FALSE,FALSE,FALSE,FALSE,FALSE,FALSE,TRUE,TRUE,FALSE,FALSE,TRUE,FALSE,TRUE,FALSE,TRUE,FALSE,FALSE,FALSE,other,FALSE,FALSE,FALSE,FALSE,FALSE,FALSE,FALSE,TRUE,FALSE,TRUE,FALSE,FALSE,FALSE,TRUE,FALSE,FALSE,FALSE,FALSE,FALSE,FALSE,FALSE,FALSE
Trihealth,2014-01-29T23:49:00.000Z,,provider,trihealth,,Cincinnati,Ohio,,39.1031182,-84.5120196,,https://mychart.trihealth.com/mychart/,,,,,"TriHealth provides a wide range of clinical, educational, preventive and social programs. TriHealth's non-hospital services include physician practice management, fitness centers and fitness center management, occupational health centers, home health and hospice care.",,FALSE,FALSE,FALSE,TRUE,FALSE,FALSE,FALSE,FALSE,FALSE,FALSE,TRUE,FALSE,FALSE,FALSE,FALSE,FALSE,TRUE,FALSE,FALSE,FALSE,FALSE,FALSE,FALSE,FALSE,FALSE,FALSE,FALSE,FALSE,FALSE,FALSE,TRUE,FALSE,FALSE,FALSE,FALSE,FALSE,TRUE,FALSE,TRUE,FALSE,FALSE,FALSE,FALSE,FALSE,FALSE
Children's Hospital Boston,2014-01-29T23:49:00.000Z,,provider,children-s-hospital-boston,,Boston,Massachusetts,,42.3584308,-71.0597732,,https://apps.childrenshospital.org/mychildrens/index.cfm?,,,,,"Manage appointments, view portions of your child's health record, contact your clinician directly or pay your bill online. It's easy to get started. Just complete our sign up form to begin the process today.",,FALSE,FALSE,TRUE,FALSE,FALSE,FALSE,FALSE,FALSE,FALSE,FALSE,FALSE,FALSE,FALSE,FALSE,FALSE,FALSE,FALSE,FALSE,FALSE,FALSE,FALSE,FALSE,FALSE,FALSE,FALSE,FALSE,FALSE,FALSE,FALSE,FALSE,FALSE,TRUE,TRUE,FALSE,FALSE,FALSE,FALSE,FALSE,TRUE,FALSE,TRUE,FALSE,FALSE,FALSE,FALSE
Lucile Packard Children’s Hospital,2014-01-29T23:49:00.000Z,,provider,lucile-packard-children-s-hospital,,Palo Alto,California ,,37.4418834,-122.1430195,,https://carepath.lpch.org/home.action,,,,,"With over 650 physicians and 4750 staff support and volunteers, Packard Children's Hospital is a world-class, non-profit hospital devoted entirely to the care of babies, children, adolescents and expectant mothers.",,FALSE,FALSE,TRUE,FALSE,FALSE,FALSE,FALSE,FALSE,FALSE,TRUE,TRUE,FALSE,TRUE,FALSE,FALSE,FALSE,FALSE,FALSE,FALSE,FALSE,FALSE,FALSE,FALSE,FALSE,FALSE,FALSE,FALSE,FALSE,FALSE,FALSE,FALSE,FALSE,TRUE,FALSE,FALSE,FALSE,FALSE,FALSE,TRUE,FALSE,TRUE,FALSE,FALSE,FALSE,FALSE
"Medical Specialists of the Palm Beaches, Inc. (MSPB)",2014-01-29T23:49:00.000Z,,provider,medical-specialists-of-the-palm-beaches--inc---mspb-,,Palm Beach,Florida,,26.7056206,-80.0364297,,https://www.medfusion.net/secure/portal/index.cfm?fuseaction=home.login&dest=welcome&gid=4798,,,,,"Medical Specialists of the Palm Beaches, Inc. (MSPB) is the largest group of doctors serving Palm Beach County patients for more than 17 years. ",,FALSE,FALSE,FALSE,FALSE,FALSE,FALSE,FALSE,FALSE,FALSE,FALSE,FALSE,FALSE,FALSE,FALSE,FALSE,FALSE,FALSE,FALSE,FALSE,FALSE,FALSE,FALSE,FALSE,FALSE,FALSE,FALSE,FALSE,FALSE,FALSE,FALSE,FALSE,TRUE,FALSE,FALSE,FALSE,FALSE,FALSE,FALSE,FALSE,FALSE,TRUE,FALSE,FALSE,FALSE,FALSE
Medstar Health,2014-01-29T23:49:00.000Z,,provider,medstar-health,,Columbia,Maryland,,39.2037144,-76.8610462,,https://www.medstarhealth.org/eHealth/Login.aspx,,,,,"MedStar Health is a $4.4 billion not-for-profit, regional healthcare system with a network of 10 hospitals and 20 other health-related businesses across Maryland and the Washington, D.C., region. ",,FALSE,FALSE,FALSE,FALSE,FALSE,FALSE,FALSE,FALSE,FALSE,FALSE,FALSE,FALSE,FALSE,FALSE,FALSE,FALSE,FALSE,FALSE,FALSE,FALSE,FALSE,FALSE,FALSE,FALSE,FALSE,FALSE,FALSE,FALSE,FALSE,FALSE,FALSE,FALSE,FALSE,FALSE,FALSE,FALSE,FALSE,FALSE,FALSE,FALSE,FALSE,FALSE,FALSE,FALSE,FALSE
New York Hospital Queen's,2014-01-29T23:49:00.000Z,,provider,new-york-hospital-queen-s,,Flushing,New York,,40.7674987,-73.833079,,https://myxa.nyp.org/SPP/Anonymous/Login.aspx?ReturnUrl=%2fSPP%2fUser%2fHome.aspx&AspxAutoDetectCookieSupport=1,,,,,"New York Hospital Queens has patient portals to make it easy for you to access your personal medical records at your convenience, right here on online.",,FALSE,TRUE,TRUE,FALSE,FALSE,FALSE,FALSE,FALSE,FALSE,FALSE,TRUE,TRUE,TRUE,FALSE,FALSE,FALSE,FALSE,FALSE,FALSE,FALSE,FALSE,FALSE,FALSE,FALSE,FALSE,FALSE,FALSE,FALSE,FALSE,FALSE,FALSE,FALSE,FALSE,FALSE,FALSE,FALSE,FALSE,FALSE,TRUE,FALSE,TRUE,FALSE,FALSE,FALSE,FALSE
One Medical Group,2014-01-29T23:49:00.000Z,,provider,one-medical-group,,San Francisco,California ,,37.7749295,-122.4194155,,https://www.onemedical.com/pt/patient/login,,,,,"As a group of physicians, we got tired of practicing medicine in a broken system. Instead, we listened to our patients and built a totally new medical group designed specifically to meet your needs.",,FALSE,TRUE,TRUE,TRUE,FALSE,FALSE,TRUE,TRUE,FALSE,TRUE,FALSE,TRUE,TRUE,FALSE,TRUE,TRUE,,FALSE,FALSE,FALSE,FALSE,FALSE,FALSE,FALSE,FALSE,FALSE,FALSE,FALSE,FALSE,FALSE,FALSE,FALSE,TRUE,FALSE,FALSE,TRUE,TRUE,FALSE,TRUE,TRUE,TRUE,TRUE,FALSE,FALSE,FALSE
St. Mark's Family Medicine,2014-01-29T23:49:00.000Z,,provider,st--mark-s-family-medicine,,Salt Lake City,Utah,,40.7607793,-111.8910474,,https://secure.utahhealthcare.org/portal/default.aspx,,,,,"We are located on the campus of St. Mark's Hospital in Salt Lake City, Utah. We strive to offer our patients convenient, high-quality care. One of the ways we do this is by offering our patients online health services through our website.",,FALSE,FALSE,TRUE,FALSE,FALSE,FALSE,FALSE,FALSE,FALSE,FALSE,FALSE,TRUE,FALSE,FALSE,TRUE,FALSE,FALSE,FALSE,FALSE,FALSE,FALSE,FALSE,FALSE,FALSE,FALSE,FALSE,FALSE,FALSE,FALSE,FALSE,FALSE,FALSE,FALSE,FALSE,FALSE,FALSE,TRUE,FALSE,TRUE,FALSE,FALSE,FALSE,FALSE,FALSE,FALSE
Aetna,2014-01-29T23:49:00.000Z,,insurance,aetna,,Hartford,Connecticut,,41.7637111,-72.6850932,,https://member.aetna.com/appConfig/login/login.fcc?TYPE=33554433&REALMOID=06-36d8cb4d-4ac1-44c7-b12d-a80fba4b718e&GUID=&SMAUTHREASON=0&METHOD=GET&SMAGENTNAME=-SM-xU5km2Pz5%2f9A%2f2FCwUlXE48HlDkyH9ruz3da8Iqw6pwcy09mgHFN5RmlkMNqguY5&TARGET=-SM-HTTPS%3a%2f%2fmember%2eaetna%2ecom%2fMbrLanding%2fRoutingServlet%3fcreateSession%3dtrue&WT.svl=Login_nav,,,,,"Aetna is dedicated to helping people achieve health and financial security by providing easy access to safe, cost-effective, high-quality health care and protecting their finances against health-related risks.",,FALSE,FALSE,FALSE,FALSE,TRUE,FALSE,FALSE,FALSE,FALSE,FALSE,FALSE,TRUE,FALSE,FALSE,FALSE,FALSE,FALSE,FALSE,FALSE,TRUE,FALSE,FALSE,FALSE,FALSE,FALSE,FALSE,FALSE,FALSE,FALSE,FALSE,FALSE,FALSE,FALSE,FALSE,FALSE,FALSE,FALSE,FALSE,FALSE,TRUE,FALSE,FALSE,TRUE,FALSE,FALSE
Regence BlueCross BlueShield Oregon,2014-01-29T23:49:00.000Z,,insurance,regence-bluecross-blueshield-oregon,,,Oregon ,,43.8041334,-120.5542012,,https://www.myregence.com/mxp-theme/welcome.do,,,,,"Regence has partnered with families, employers, doctors and hospitals to connect Oregonians with health 
care services for 72 years.",,FALSE,FALSE,FALSE,FALSE,TRUE,FALSE,FALSE,FALSE,FALSE,FALSE,FALSE,FALSE,FALSE,FALSE,FALSE,FALSE,TRUE,FALSE,FALSE,FALSE,FALSE,FALSE,FALSE,FALSE,FALSE,FALSE,FALSE,FALSE,FALSE,FALSE,FALSE,TRUE,FALSE,TRUE,FALSE,FALSE,FALSE,FALSE,FALSE,TRUE,FALSE,FALSE,TRUE,FALSE,FALSE
Regence BlueCross BlueShield Utah,2014-01-29T23:49:00.000Z,,insurance,regence-bluecross-blueshield-utah,,,Utah ,,39.3209801,-111.0937311,,https://www.myregence.com/mxp-theme/welcome.do,,,,,"Regence has partnered with families, employers, doctors and hospitals to connect Oregonians with health 
care services for 72 years.",,FALSE,FALSE,FALSE,FALSE,TRUE,FALSE,FALSE,FALSE,FALSE,FALSE,FALSE,FALSE,FALSE,FALSE,FALSE,FALSE,TRUE,FALSE,FALSE,FALSE,FALSE,FALSE,FALSE,FALSE,FALSE,FALSE,FALSE,FALSE,FALSE,FALSE,FALSE,TRUE,FALSE,TRUE,FALSE,FALSE,FALSE,FALSE,FALSE,TRUE,FALSE,FALSE,TRUE,FALSE,FALSE
Regence BlueCross BlueShield Idaho,2014-01-29T23:49:00.000Z,,insurance,regence-bluecross-blueshield-idaho,,,Idaho ,,44.0682019,-114.7420408,,https://www.myregence.com/mxp-theme/welcome.do,,,,,"Regence has partnered with families, employers, doctors and hospitals to connect Oregonians with health 
care services for 72 years.",,FALSE,FALSE,FALSE,FALSE,TRUE,FALSE,FALSE,FALSE,FALSE,FALSE,FALSE,FALSE,FALSE,FALSE,FALSE,FALSE,TRUE,FALSE,FALSE,FALSE,FALSE,FALSE,FALSE,FALSE,FALSE,FALSE,FALSE,FALSE,FALSE,FALSE,FALSE,TRUE,FALSE,TRUE,FALSE,FALSE,FALSE,FALSE,FALSE,TRUE,FALSE,FALSE,TRUE,FALSE,FALSE
UHA (University Health Alliance),2014-01-29T23:49:00.000Z,,insurance,uha--university-health-alliance-,,Honolulu,Hawaii,,21.3069444,-157.8583333,,https://portal.uhahealth.com/Member/Account/LogOn,,,,,"One of Hawaii's leading health insurers, UHA provides medical, drug, and vision plans to Hawaii employer groups.",,FALSE,FALSE,FALSE,FALSE,TRUE,FALSE,FALSE,FALSE,FALSE,FALSE,FALSE,FALSE,FALSE,FALSE,FALSE,FALSE,FALSE,FALSE,FALSE,FALSE,FALSE,FALSE,FALSE,FALSE,FALSE,FALSE,FALSE,FALSE,FALSE,FALSE,FALSE,FALSE,FALSE,FALSE,FALSE,FALSE,FALSE,FALSE,FALSE,TRUE,FALSE,FALSE,TRUE,FALSE,FALSE
UnitedHealthcare,2014-01-29T23:49:00.000Z,,insurance,unitedhealthcare,,Minneapolis,Minnesota,,44.983334,-93.26667,,https://www.myuhc.com/member/prewelcome.do?currentLanguageFromPreCheck=en,,,,,"UnitedHealthcare is an operating division of UnitedHealth Group, the largest single health carrier in the United States. ",,TRUE,FALSE,FALSE,TRUE,TRUE,FALSE,FALSE,FALSE,FALSE,FALSE,FALSE,FALSE,FALSE,FALSE,FALSE,FALSE,TRUE,FALSE,FALSE,TRUE,FALSE,FALSE,FALSE,FALSE,FALSE,FALSE,FALSE,FALSE,FALSE,FALSE,FALSE,TRUE,FALSE,TRUE,FALSE,FALSE,FALSE,FALSE,FALSE,TRUE,FALSE,FALSE,TRUE,FALSE,FALSE
"ADVANTAGE Health Solutions, Inc.",2014-01-29T23:49:00.000Z,,insurance,advantage-health-solutions--inc-,,Indianapolis,Indiana,,39.768403,-86.158068,,https://secure.healthx.com/publicservice/loginv1/login.aspx?bc=266da30d-a4ef-4f2d-a23d-45ad1a986dcb&serviceid=f9f857f8-5d7d-408f-a87e-684006ee8007,,,,,"ADVANTAGE Health Solutions, Inc.℠, is an Indiana-based, provider-owned health plan and third party administrator (TPA) offering healthcare benefits and innovative care management and wellness programs to employer groups of all sizes.",,FALSE,FALSE,FALSE,FALSE,TRUE,FALSE,FALSE,FALSE,FALSE,FALSE,FALSE,FALSE,FALSE,FALSE,FALSE,FALSE,TRUE,FALSE,FALSE,FALSE,FALSE,FALSE,FALSE,FALSE,FALSE,FALSE,FALSE,FALSE,FALSE,FALSE,FALSE,FALSE,FALSE,FALSE,FALSE,FALSE,FALSE,FALSE,FALSE,TRUE,FALSE,FALSE,TRUE,FALSE,FALSE
Blue Cross Blue Shield of Florida,2014-01-29T23:49:00.000Z,,insurance,blue-cross-blue-shield-of-florida,,Jacksonville,Florida,,30.3321838,-81.655651,,https://login.bcbsfl.com/login/public/web/memberlogin.jsp?userType=member&TYPE=33619969&REALMOID=06-ca86e329-39c6-1032-a112-80f1ac0fff21&GUID=&SMAUTHREASON=0&METHOD=GET&SMAGENTNAME=$SM$3Eskc%2bA5sYTl%2bgwYMEwkPIZzc%2bXVxo0m3cm1TzIiV6hUl4vgFl6FfVO8M9cabE9v&TARGET=$SM$https%3a%2f%2fmwe%2ebcbsfl%2ecom%2fwps%2fmyportal%2fmbs,,,,,We’re here for the people of Florida with every aspect of their health and wellness—from the major challenges to the everyday moments in between. Our mission—helping people and communities achieve better health—is our reason for existence,,FALSE,FALSE,FALSE,FALSE,TRUE,FALSE,FALSE,FALSE,FALSE,FALSE,FALSE,FALSE,FALSE,FALSE,FALSE,FALSE,FALSE,FALSE,FALSE,FALSE,FALSE,FALSE,FALSE,FALSE,FALSE,FALSE,FALSE,FALSE,FALSE,FALSE,FALSE,FALSE,FALSE,FALSE,FALSE,FALSE,FALSE,FALSE,FALSE,FALSE,FALSE,FALSE,FALSE,FALSE,FALSE
Humana,2014-01-29T23:49:00.000Z,,insurance,humana,,Lexington,Kentuky,,38.0405837,-84.5037164,,https://www.humana.com/,,,,,"Humana's diverse lines of business work to serve all types of consumers. From families to seniors to military members to self-employed individuals, there is a plan to meet many unique needs.",,TRUE,FALSE,FALSE,FALSE,TRUE,FALSE,FALSE,FALSE,FALSE,FALSE,FALSE,FALSE,FALSE,FALSE,FALSE,FALSE,TRUE,FALSE,FALSE,TRUE,FALSE,FALSE,FALSE,FALSE,FALSE,FALSE,FALSE,FALSE,FALSE,FALSE,FALSE,FALSE,FALSE,TRUE,FALSE,FALSE,FALSE,FALSE,FALSE,TRUE,FALSE,FALSE,TRUE,FALSE,FALSE
United Health Military West,2014-01-29T23:49:00.000Z,,insurance,united-health-military-west,,,,,,,,https://www.uhcmilitarywest.com/uhcmw/portal/beneficiary/overview/,,,,,"UnitedHealthcare Military & Veterans, a UnitedHealthcare business, draws on the unmatched experience and expertise of the UnitedHealth Group family of companies to provide affordable, high-quality health care to active duty military, retirees, and their families. ",,FALSE,FALSE,FALSE,FALSE,TRUE,FALSE,FALSE,FALSE,FALSE,FALSE,FALSE,FALSE,FALSE,FALSE,FALSE,FALSE,TRUE,FALSE,FALSE,FALSE,FALSE,FALSE,FALSE,FALSE,FALSE,FALSE,FALSE,FALSE,FALSE,FALSE,FALSE,TRUE,FALSE,TRUE,FALSE,FALSE,FALSE,FALSE,FALSE,TRUE,FALSE,FALSE,TRUE,FALSE,FALSE
Blue Cross Blue Shield of Louisiana,2014-01-29T23:49:00.000Z,,insurance,blue-cross-blue-shield-of-louisiana,,,,,,,,https://www.bcbsla.com/pages/login.aspx?TYPE=33554433&REALMOID=06-87742154-9e36-4629-bff0-267393844a2d&GUID=&SMAUTHREASON=0&METHOD=GET&SMAGENTNAME=-SM-3vqWrFcVXXP7wHBp6SGc6nrlBeog19VoMj%2ftdGFukkyFMO%2fakdtCwWHhEN0D%2bAH7&TARGET=-SM-https%3a%2f%2fmember%2ebcbsla%2ecom%2fMyPlan%2fPages%2fPlanManagement%2easpx,,,,,To improve the lives of Louisianians by providing health guidance and affordable access to quality care.,,FALSE,FALSE,FALSE,FALSE,TRUE,FALSE,FALSE,FALSE,FALSE,FALSE,FALSE,FALSE,FALSE,FALSE,FALSE,FALSE,FALSE,FALSE,FALSE,FALSE,FALSE,FALSE,FALSE,FALSE,FALSE,FALSE,FALSE,FALSE,FALSE,FALSE,FALSE,TRUE,FALSE,TRUE,FALSE,FALSE,FALSE,FALSE,FALSE,TRUE,FALSE,FALSE,TRUE,FALSE,FALSE
LACare ,2014-01-29T23:49:00.000Z,,insurance,lacare,,,,,,,,https://external.lacare.org/memportal/disclaimer,,,,,"To provide access to quality health care for Los Angeles County's vulnerable and low income communities and residents and to support the safety net required to achieve that purpose.

",,TRUE,TRUE,FALSE,FALSE,TRUE,FALSE,FALSE,FALSE,FALSE,FALSE,FALSE,FALSE,FALSE,FALSE,TRUE,FALSE,FALSE,FALSE,TRUE,FALSE,FALSE,FALSE,FALSE,FALSE,FALSE,FALSE,FALSE,FALSE,FALSE,FALSE,FALSE,TRUE,FALSE,TRUE,FALSE,FALSE,FALSE,FALSE,FALSE,TRUE,FALSE,FALSE,TRUE,FALSE,FALSE
UnitedHealth BiolQ,2014-01-29T23:49:00.000Z,,lab,unitedhealth-biolq,,Minneapolis,MN,,44.983334,-93.26667,,https://uhc.bioiq.com/login,,,,,"Working with CLIA certified labs, BioIQ has developed modern diagnostic tests to detect the most common disease conditions in the United States.",,FALSE,FALSE,FALSE,FALSE,FALSE,FALSE,TRUE,FALSE,FALSE,FALSE,TRUE,FALSE,FALSE,TRUE,FALSE,FALSE,FALSE,FALSE,FALSE,FALSE,FALSE,FALSE,FALSE,FALSE,FALSE,FALSE,FALSE,FALSE,FALSE,FALSE,FALSE,FALSE,FALSE,FALSE,FALSE,FALSE,FALSE,FALSE,FALSE,FALSE,FALSE,FALSE,FALSE,TRUE,FALSE
Health Diagnostic Laboratory Inc.,2014-01-29T23:49:00.000Z,,lab,health-diagnostic-laboratory-inc-,,Richmond,Virginia,,37.5407246,-77.4360481,,https://www.myhdl.com/hdlportal/customlogin.htm,,,,,"A CAP-accredited leader in health management, offers the
most comprehensive laboratory test menu of risk factors and
biomarkers for cardiovascular and related diseases.",,FALSE,FALSE,FALSE,FALSE,FALSE,FALSE,TRUE,FALSE,FALSE,FALSE,TRUE,FALSE,FALSE,FALSE,FALSE,FALSE,FALSE,FALSE,FALSE,FALSE,FALSE,FALSE,FALSE,FALSE,FALSE,FALSE,FALSE,FALSE,FALSE,FALSE,FALSE,TRUE,FALSE,FALSE,FALSE,FALSE,FALSE,FALSE,FALSE,FALSE,TRUE,FALSE,FALSE,TRUE,FALSE
Quest Diagnostics,2014-01-29T23:49:00.000Z,,lab,quest-diagnostics,,,,,,,,http://mygazelleapp.com/,,http://mygazelleapp.com/,,,"Offers the broadest access to diagnostic testing services through our network of laboratories and patient service centers, and provide interpretive consultation through our extensive medical and scientific staff. ",,FALSE,FALSE,FALSE,FALSE,FALSE,FALSE,TRUE,FALSE,FALSE,FALSE,TRUE,FALSE,FALSE,FALSE,FALSE,FALSE,FALSE,FALSE,FALSE,FALSE,FALSE,FALSE,FALSE,FALSE,FALSE,FALSE,FALSE,FALSE,FALSE,FALSE,FALSE,TRUE,FALSE,FALSE,FALSE,FALSE,FALSE,FALSE,TRUE,TRUE,FALSE,FALSE,FALSE,TRUE,FALSE
LabCorp,2014-01-29T23:49:00.000Z,,lab,labcorp,,,,,,,,https://login.live.com/login.srf?wa=wsignin1.0&rpsnv=12&ct=1393119108&rver=6.4.6456.0&wp=HBI&wreply=https:%2F%2Faccount.healthvault.com:443%2Fsignin%2Fliveid%3Fscn%3D56137c17-cb71-4617-bdae-1b71ed622e12&lc=1033&id=252423,,,,,LabCorp provides leading-edge medical laboratory tests and services through a national network of primary clinical laboratories and specialty testing laboratories.,,FALSE,FALSE,FALSE,FALSE,FALSE,FALSE,FALSE,FALSE,FALSE,FALSE,TRUE,FALSE,FALSE,FALSE,FALSE,FALSE,FALSE,FALSE,FALSE,FALSE,FALSE,FALSE,TRUE,FALSE,FALSE,FALSE,FALSE,FALSE,TRUE,FALSE,FALSE,TRUE,TRUE,FALSE,FALSE,FALSE,FALSE,FALSE,TRUE,TRUE,FALSE,FALSE,FALSE,TRUE,FALSE
Walgreens,2014-01-29T23:49:00.000Z,,pharmacy,walgreens,,,,,,,,https://www.walgreens.com/login.jsp?_DAV=&_DARGS=%2Fincludes%2Fheader%2FheaderAnonymousLogin_New.jsp.1_A,,http://www.walgreens.com/topic/mobile/apps/learn_about_mobile_apps.jsp?ban=pharmacyhp,,,"Walgreens provides access to consumer goods and services, plus pharmacy, photo studio, health and wellness services in the United States through its retail drugstores, Walgreens Health Services division, and Walgreens Health and Wellness division. Walgreens had 8,206 drugstores as of January 31, 2014.",,TRUE,TRUE,FALSE,FALSE,FALSE,FALSE,FALSE,FALSE,FALSE,TRUE,FALSE,FALSE,FALSE,FALSE,TRUE,FALSE,FALSE,FALSE,FALSE,TRUE,FALSE,FALSE,FALSE,FALSE,FALSE,FALSE,FALSE,FALSE,FALSE,FALSE,TRUE,FALSE,FALSE,FALSE,TRUE,TRUE,TRUE,TRUE,FALSE,FALSE,TRUE,FALSE,FALSE,FALSE,TRUE
CVS Caremark,2014-01-29T23:49:00.000Z,,pharmacy,cvs-caremark,,,,,,,,https://www.cvs.com/account/login.jsp?pagevalue=ephRxTie&screenname=/pharmacy/manage/tie-personal-rx.jsp&WT.ac=Pharmacyhome_Mainbanner_Authentication_41647_Nonauth_99999_Button_Text_AccessMyPrescriptions,,,,,"CVS Caremark provides pharmacy services through its over 7,000 CVS Pharmacy and Longs Drugs stores; its pharmacy benefit management, mail order and specialty pharmacy division, Caremark Pharmacy Services; its retail-based health clinic subsidiary, MinuteClinic; and its online pharmacy, CVS.com.",,TRUE,TRUE,FALSE,FALSE,FALSE,FALSE,FALSE,FALSE,FALSE,FALSE,FALSE,FALSE,FALSE,FALSE,TRUE,FALSE,FALSE,FALSE,FALSE,FALSE,FALSE,FALSE,FALSE,FALSE,FALSE,FALSE,FALSE,FALSE,FALSE,FALSE,TRUE,FALSE,FALSE,FALSE,TRUE,TRUE,TRUE,FALSE,FALSE,FALSE,FALSE,FALSE,FALSE,FALSE,TRUE
Rite Aid,2014-01-29T23:49:00.000Z,,pharmacy,rite-aid,,,,,,,,https://www.riteaid.com/pharmacy/services/my-pharmacy,,,,,Rite Aid is a drugstore chain in the United States and a Fortune 500 company. Rite Aid is the largest drugstore chain on the East Coast and the third largest drugstore chain in the U.S.,,FALSE,TRUE,FALSE,FALSE,FALSE,FALSE,FALSE,FALSE,FALSE,FALSE,FALSE,FALSE,FALSE,FALSE,TRUE,FALSE,FALSE,FALSE,FALSE,FALSE,FALSE,FALSE,FALSE,FALSE,FALSE,FALSE,FALSE,FALSE,FALSE,FALSE,TRUE,FALSE,FALSE,FALSE,TRUE,TRUE,TRUE,TRUE,FALSE,FALSE,FALSE,FALSE,FALSE,FALSE,TRUE
PillPack,2014-01-29T23:49:00.000Z,,pharmacy,pillpack,250 Commercial Street Suite 2012,Manchester,New Hampshire,,42.9898842,-71.4688534,855-745-5725,https://pillpack.com/login,,,,,"PillPack is the only full-service pharmacy that makes it simple to take the right medication at the right time. Customers receive all their prescriptions in a two-week roll of individual packs organized by date and time, replacing error-prone pill boxes and manual solutions. We manage refills, so our customers are never caught off guard without their meds and PillPack pharmacists are available 24 hours a day to answer questions and provide support.",,TRUE,TRUE,TRUE,FALSE,FALSE,FALSE,FALSE,FALSE,FALSE,FALSE,FALSE,FALSE,FALSE,FALSE,FALSE,FALSE,FALSE,FALSE,TRUE,TRUE,FALSE,TRUE,TRUE,FALSE,FALSE,FALSE,FALSE,FALSE,TRUE,FALSE,FALSE,TRUE,TRUE,FALSE,TRUE,TRUE,TRUE,FALSE,FALSE,FALSE,FALSE,FALSE,FALSE,FALSE,TRUE
Fry's Food Store,2014-01-29T23:49:00.000Z,,pharmacy,fry-s-food-store,,,,,,,,https://www.frysfood.com/topic/my-prescriptions-3,,https://www.frysfood.com/topic/mobile-app,,,"With My Prescriptions from Fry's, you can refill prescriptions online, manage family and pet prescriptions, and more…it's easy!

",,FALSE ,TRUE,FALSE,FALSE,FALSE,FALSE,FALSE,FALSE,FALSE,FALSE,FALSE,FALSE,FALSE,FALSE,TRUE,FALSE,FALSE,FALSE,FALSE,FALSE,FALSE,FALSE,FALSE,FALSE,FALSE,FALSE,FALSE,FALSE,FALSE,FALSE,TRUE,FALSE,FALSE,FALSE,TRUE,TRUE,TRUE,FALSE,FALSE,FALSE,FALSE,FALSE,FALSE,FALSE,TRUE
Smith's,2014-01-29T23:49:00.000Z,,pharmacy,smith-s,,,,,,,,https://www.smithsfoodanddrug.com/topic/my-prescriptions-3,,https://www.smithsfoodanddrug.com/topic/mobile-app,,,"With My Prescriptions from Smith's, you can refill prescriptions online, manage family and pet prescriptions, and more…it's easy!

",,FALSE ,TRUE,FALSE,FALSE,FALSE,FALSE,FALSE,FALSE,FALSE,FALSE,FALSE,FALSE,FALSE,FALSE,TRUE,FALSE,FALSE,FALSE,FALSE,FALSE,FALSE,FALSE,FALSE,FALSE,FALSE,FALSE,FALSE,FALSE,FALSE,FALSE,TRUE,FALSE,FALSE,FALSE,TRUE,TRUE,TRUE,FALSE,FALSE,FALSE,FALSE,FALSE,FALSE,FALSE,TRUE
King Soopers,2014-01-29T23:49:00.000Z,,pharmacy,king-soopers,,,,,,,,https://www.kingsoopers.com/topic/my-prescriptions-2,,https://www.kingsoopers.com/topic/mobile-app,,,"With My Prescriptions from King Soopers, you can refill prescriptions online, manage family and pet prescriptions, and more…it's easy!

",,FALSE ,TRUE,FALSE,FALSE,FALSE,FALSE,FALSE,FALSE,FALSE,FALSE,FALSE,FALSE,FALSE,FALSE,TRUE,FALSE,FALSE,FALSE,FALSE,FALSE,FALSE,FALSE,FALSE,FALSE,FALSE,FALSE,FALSE,FALSE,FALSE,FALSE,TRUE,FALSE,FALSE,FALSE,TRUE,TRUE,TRUE,FALSE,FALSE,FALSE,FALSE,FALSE,FALSE,FALSE,TRUE
Louisiana,2014-01-29T23:49:00.000Z,,immunization,louisiana,,,,,,,,https://la.myir.net/login/,,,,,Louisiana Department of Health and HospitalsOffice of Public Health - Immunization Program,,FALSE,FALSE,FALSE,FALSE,FALSE,FALSE,FALSE,FALSE,FALSE,TRUE,FALSE,FALSE,FALSE,FALSE,FALSE,FALSE,FALSE,FALSE,FALSE,TRUE,FALSE,TRUE,FALSE,FALSE,FALSE,FALSE,FALSE,FALSE,FALSE,FALSE,FALSE,FALSE,FALSE,FALSE,FALSE,FALSE,FALSE,FALSE,FALSE,FALSE,FALSE,FALSE,FALSE,FALSE,FALSE
Indiana,2014-01-29T23:49:00.000Z,,immunization,indiana,,,,,,,,https://gateway.isdh.in.gov/MyVaxIndiana/Pages/Search.aspx,,https://itunes.apple.com/us/app/myvaxindiana/id601092962?mt=8,,,"The Indiana State Department of Health (ISDH) maintains an Immunization Information
System known as CHIRP (Children and Hoosier’s Immunization Registry Program).",,FALSE,FALSE,FALSE,FALSE,FALSE,FALSE,FALSE,FALSE,FALSE,TRUE,FALSE,FALSE,FALSE,FALSE,FALSE,FALSE,FALSE,FALSE,FALSE,TRUE,FALSE,TRUE,FALSE,FALSE,FALSE,FALSE,FALSE,FALSE,FALSE,FALSE,FALSE,FALSE,FALSE,FALSE,FALSE,FALSE,FALSE,FALSE,FALSE,FALSE,FALSE,FALSE,FALSE,FALSE,FALSE
Washington ,2014-01-29T23:49:00.000Z,,immunization,washington,,,,,,,,https://testwa.myir.net/,,,,,Washington State Immunization Registry,,FALSE,FALSE,FALSE,FALSE,FALSE,FALSE,FALSE,FALSE,FALSE,TRUE,FALSE,FALSE,FALSE,FALSE,FALSE,FALSE,FALSE,FALSE,FALSE,TRUE,FALSE,TRUE,FALSE,FALSE,FALSE,FALSE,FALSE,FALSE,FALSE,FALSE,FALSE,FALSE,FALSE,FALSE,FALSE,FALSE,FALSE,FALSE,FALSE,FALSE,FALSE,FALSE,FALSE,FALSE,FALSE
Access Community Health Centers,2014-02-22T11:50:00.000Z,,provider,access-community-health-centers,,,Wisconsin,,43.7844397,-88.7878678,,https://accesshealthmychart.org/mychart/,,,,,"As a not-for-profit charitable organization, we provide affordable and quality primary medical, dental, and behavioral health care and pharmacy services at five locations.

",,FALSE,FALSE,TRUE,TRUE,FALSE,FALSE,FALSE,FALSE,FALSE,TRUE,TRUE,FALSE,TRUE,FALSE,FALSE,TRUE,TRUE,FALSE,FALSE,FALSE,FALSE,FALSE,FALSE,FALSE,FALSE,FALSE,FALSE,FALSE,FALSE,FALSE,FALSE,FALSE,FALSE,FALSE,FALSE,FALSE,FALSE,FALSE,TRUE,FALSE,TRUE,FALSE,FALSE,FALSE,FALSE
Baptist Health,2014-02-22T11:50:00.000Z,,provider,baptist-health,,,Arkansas,,35.20105,-91.8318334,,https://mychart.baptist-health.org,,https://m.baptist-health.com/default.aspx,,,"At Baptist Health, we believe caring for patients is a healing ministry. We seek to improve the health of Arkansans by changing the way healthcare is delivered and by responding to our community's health needs with Christian compassion.",,FALSE,TRUE,TRUE,TRUE,FALSE,FALSE,FALSE,FALSE,FALSE,TRUE,TRUE,TRUE,TRUE,FALSE,FALSE,FALSE,FALSE,FALSE,FALSE,TRUE,FALSE,FALSE,FALSE,FALSE,FALSE,FALSE,FALSE,FALSE,FALSE,FALSE,FALSE,TRUE,TRUE,FALSE,FALSE,FALSE,FALSE,FALSE,TRUE,FALSE,FALSE,FALSE,FALSE,FALSE,FALSE
Cadence Health,2014-02-22T11:50:00.000Z,,provider,cadence-health,,,Illinois ,,40.6331249,-89.3985283,,https://mychart.cdh.org,,https://itunes.apple.com/us/app/mychart/id382952264,,,"At Cadence Health, we bring you the broad range of services you expect from a growing, regional healthcare system. From our specialty areas like cancer care and pediatrics to other services like maternity and diabetes management, Cadence Health offers comprehensive care - from preventive medicine to highly specialized diagnoses and treatment for complex conditions.",,FALSE,FALSE,TRUE,TRUE,TRUE,FALSE,FALSE,FALSE,FALSE,FALSE,TRUE,TRUE,FALSE,FALSE,TRUE,TRUE,TRUE,FALSE,FALSE,TRUE,FALSE,FALSE,FALSE,FALSE,FALSE,FALSE,FALSE,FALSE,FALSE,FALSE,FALSE,TRUE,FALSE,FALSE,FALSE,FALSE,TRUE,FALSE,TRUE,FALSE,TRUE,FALSE,FALSE,FALSE,FALSE
Carle,2014-02-22T11:50:00.000Z,,provider,carle,,,Indiana,,40.2671941,-86.1349019,,https://www.mycarle.com/,,https://www.carle.org/MyCarle/mobile.aspx,,,"For nearly a century, Carle Foundation Hospital and Carle Physician Group have shared a vision for providing high-quality health care.",,FALSE,FALSE,TRUE,TRUE,FALSE,FALSE,FALSE,FALSE,FALSE,TRUE,TRUE,TRUE,TRUE,FALSE,FALSE,FALSE,FALSE,FALSE,FALSE,FALSE,FALSE,FALSE,FALSE,FALSE,FALSE,FALSE,FALSE,FALSE,FALSE,FALSE,FALSE,FALSE,TRUE,FALSE,FALSE,FALSE,FALSE,FALSE,TRUE,FALSE,FALSE,FALSE,FALSE,FALSE,FALSE
Cedars-Sinai,2014-02-22T11:50:00.000Z,,provider,cedars-sinai,,,California,,36.778261,-119.4179324,,https://patients.mycslink.org/,,https://itunes.apple.com/us/app/mychart/id382952264?mt=8    https://play.google.com/store/apps/details?id=epic.mychart.android&hl=en,,,"Cedars-Sinai Medical Center is a non-profit, tertiary 958-bed hospital and multi-specialty academic health science centre located in West Hollywood, California.",,FALSE,TRUE,FALSE,TRUE,FALSE,FALSE,FALSE,FALSE,FALSE,FALSE,TRUE,TRUE,FALSE,FALSE,TRUE,TRUE,TRUE,FALSE,FALSE,FALSE,FALSE,FALSE,FALSE,FALSE,FALSE,FALSE,FALSE,FALSE,FALSE,FALSE,TRUE,TRUE,FALSE,FALSE,FALSE,TRUE,TRUE,FALSE,TRUE,FALSE,TRUE,FALSE,FALSE,FALSE,FALSE
Children's Hospital of Philadelphia,2014-02-22T11:50:00.000Z,,provider,children-s-hospital-of-philadelphia,,,Pennsylvania,,41.2033216,-77.1945247,,https://mychart.chop.edu/,,https://itunes.apple.com/us/app/mychart/id382952264    https://play.google.com/store/apps/details?id=epic.mychart.android,,,"The Children's Hospital of Philadelphia has fostered medical discoveries and innovations that have improved pediatric healthcare and saved countless children’s lives. Over 150 years of innovation and service to our patients, their families and our community, reflect an ongoing commitment to exceptional patient care.

",,FALSE,FALSE,TRUE,FALSE,TRUE,FALSE,FALSE,FALSE,FALSE,TRUE,TRUE,TRUE,TRUE,FALSE,TRUE,TRUE,FALSE,FALSE,FALSE,TRUE,FALSE,FALSE,FALSE,FALSE,FALSE,FALSE,FALSE,FALSE,FALSE,FALSE,TRUE,FALSE,FALSE,FALSE,FALSE,FALSE,TRUE,FALSE,FALSE,FALSE,FALSE,FALSE,FALSE,FALSE,TRUE
Children's Hospital of Wisconsin,2014-02-22T11:50:00.000Z,,provider,children-s-hospital-of-wisconsin,,,Wisconsin,,43.7844397,-88.7878678,,https://mychart.chw.org/,,https://play.google.com/store/apps/details?id=epic.mychart.android    https://itunes.apple.com/us/app/mychart/id382952264,,,"Nothing matters more than our children. At Children's Hospital of Wisconsin, we believe that kids deserve the best. Our belief drives everything we do. It defines our vision for the future and our mission for today.",,FALSE,FALSE,TRUE,TRUE,FALSE,FALSE,FALSE,FALSE,FALSE,TRUE,TRUE,TRUE,TRUE,FALSE,FALSE,TRUE,TRUE,FALSE,FALSE,TRUE,FALSE,FALSE,FALSE,FALSE,FALSE,FALSE,FALSE,FALSE,FALSE,FALSE,FALSE,TRUE,FALSE,FALSE,FALSE,FALSE,FALSE,FALSE,TRUE,FALSE,FALSE,FALSE,FALSE,FALSE,FALSE
Community Healthcare System,2014-02-22T11:50:00.000Z,,provider,community-healthcare-system,,,Indiana,,40.2671941,-86.1349019,,https://mychart.comhs.org,,,,,CFNI is a not-for-profit organization that provides leadership and resources for the enhancement of health and the quality of life in Northwest Indiana. ,,FALSE,FALSE,TRUE,FALSE,FALSE,FALSE,FALSE,FALSE,FALSE,FALSE,TRUE,TRUE,FALSE,FALSE,TRUE,FALSE,FALSE,FALSE,FALSE,FALSE,FALSE,FALSE,FALSE,FALSE,FALSE,FALSE,FALSE,FALSE,FALSE,FALSE,FALSE,TRUE,TRUE,FALSE,FALSE,FALSE,TRUE,FALSE,FALSE,FALSE,TRUE,FALSE,FALSE,FALSE,FALSE
Community Health Network,2014-02-22T11:50:00.000Z,,provider,community-health-network,,,Indiana,,40.2671941,-86.1349019,,https://mychart.ecommunity.com/,,,,,"Deeply committed to the communities we serve, we enhance health and well-being.",,FALSE,FALSE,TRUE,FALSE,FALSE,FALSE,FALSE,FALSE,FALSE,FALSE,TRUE,TRUE,FALSE,FALSE,TRUE,FALSE,FALSE,FALSE,FALSE,FALSE,FALSE,FALSE,FALSE,FALSE,FALSE,FALSE,FALSE,FALSE,FALSE,FALSE,FALSE,TRUE,TRUE,FALSE,FALSE,FALSE,TRUE,FALSE,FALSE,FALSE,TRUE,FALSE,FALSE,FALSE,FALSE
Deaconess Health System,2014-02-22T11:50:00.000Z,,provider,deaconess-health-system,,Evansville,Indiana,,37.9715592,-87.5710898,,https://www.viewmychart.com/,,http://www.deaconess.com/My-Health/Deaconess-Electronic-Health-Record/MyChart/Download-MyChart-for-iPhone-or-Android.aspx,,,"Deaconess Hospital is a two-campus healthcare and is one of the three trauma-care institutions serving the Evansville, Indiana, and Newburgh, Indiana Area. ",,FALSE,FALSE,FALSE,FALSE,FALSE,FALSE,FALSE,FALSE,FALSE,FALSE,TRUE,TRUE,FALSE,FALSE,TRUE,FALSE,FALSE,FALSE,FALSE,FALSE,FALSE,FALSE,FALSE,FALSE,FALSE,FALSE,FALSE,FALSE,FALSE,FALSE,TRUE,FALSE,FALSE,FALSE,FALSE,FALSE,TRUE,FALSE,TRUE,FALSE,TRUE,FALSE,FALSE,FALSE,FALSE
Dean Clinic,2014-02-22T11:50:00.000Z,,provider,dean-clinic,,,Wisconsin,,43.7844397,-88.7878678,,https://mychart.deancare.com,,https://mychart.deancare.com/default.asp?mode=stdfile&option=mychartapp,,,"Dean is one of the largest integrated healthcare delivery systems in the country. Established in 1904 and headquartered in Madison, Wisconsin, Dean provides:

",,FALSE,FALSE,TRUE,TRUE,TRUE,FALSE,FALSE,FALSE,FALSE,FALSE,TRUE,TRUE,TRUE,FALSE,FALSE,TRUE,TRUE,FALSE,FALSE,FALSE,FALSE,FALSE,FALSE,FALSE,FALSE,FALSE,FALSE,FALSE,FALSE,FALSE,FALSE,FALSE,TRUE,FALSE,FALSE,FALSE,TRUE,TRUE,TRUE,FALSE,TRUE,FALSE,TRUE,FALSE,FALSE
Dreyer Medical Clinic,2014-02-22T11:50:00.000Z,130814,provider,dreyer-medical-clinic,,Aurora,Illinois ,,41.7605849,-88.3200715,,https://mychart.dreyermed.com,,https://itunes.apple.com/us/app/mychart/id382952264?mt=8    https://play.google.com/store/apps/details?id=epic.mychart.android,,,"Established by physicians in 1922, Dreyer Medical Clinic is an affiliate of Advocate Health Care. With more than 150 physicians representing nearly 30 different medical specialties, Dreyer offers a full range of ancillary services within its facilities and the support of over 60 allied health professionals. 

",,FALSE,FALSE,FALSE,TRUE,FALSE,FALSE,FALSE,FALSE,FALSE,FALSE,TRUE,FALSE,FALSE,FALSE,FALSE,FALSE,TRUE,TRUE,FALSE,FALSE,FALSE,FALSE,FALSE,FALSE,FALSE,FALSE,FALSE,FALSE,FALSE,FALSE,FALSE,TRUE,TRUE,FALSE,FALSE,FALSE,TRUE,FALSE,TRUE,TRUE,TRUE,FALSE,FALSE,FALSE,FALSE
DuPage Medical Group,2014-02-22T11:50:00.000Z,,provider,dupage-medical-group,,,Illinois,,40.6331249,-89.3985283,,https://mychart.dupagemd.com/,,,,,"DuPage Medical Group (DMG) was formed in 1999 when three healthcare groups serving the western suburbs of Chicago since the 1960s joined together. Today, DMG has grown into one of the largest and most successful independent multi-specialty physician groups in Illinois.",,FALSE,FALSE,FALSE,TRUE,TRUE,FALSE,FALSE,FALSE,FALSE,TRUE,TRUE,TRUE,FALSE,FALSE,FALSE,FALSE,TRUE,FALSE,FALSE,FALSE,FALSE,FALSE,FALSE,FALSE,FALSE,FALSE,FALSE,FALSE,FALSE,FALSE,FALSE,TRUE,FALSE,FALSE,FALSE,FALSE,TRUE,FALSE,TRUE,FALSE,TRUE,FALSE,FALSE,FALSE,FALSE
Edward Hospital & Health Services,2014-02-22T11:50:00.000Z,,provider,edward-hospital---health-services,,Naperville,Illinois ,,41.7858629,-88.1472893,,https://mychart.dupagemd.com,,,,,"Edward Hospital & Health Services is a full-service, regional healthcare provider offering access to complex medical specialties and innovative programming. ",,FALSE,FALSE,FALSE,TRUE,TRUE,FALSE,FALSE,FALSE,FALSE,TRUE,TRUE,TRUE,FALSE,FALSE,FALSE,FALSE,TRUE,FALSE,FALSE,FALSE,FALSE,FALSE,FALSE,FALSE,FALSE,FALSE,FALSE,FALSE,FALSE,FALSE,FALSE,TRUE,FALSE,FALSE,FALSE,FALSE,TRUE,FALSE,TRUE,FALSE,TRUE,FALSE,FALSE,FALSE,FALSE
Fairview,2014-02-22T11:50:00.000Z,,provider,fairview,,,Minnesota,,46.729553,-94.6858998,,http://www.fairview.org/MyChart/index.htm,,https://play.google.com/store/apps/details?id=epic.mychart.android&feature    https://itunes.apple.com/us/app/mychart/id382952264?mt=8,,,Fairview Medical Group—which includes Fairview Clinics’ 40+ primary care clinics—ranks among the top five medical groups in the state for providing high-quality clinical care.,,FALSE,FALSE,FALSE,TRUE,TRUE,FALSE,TRUE,FALSE,TRUE,TRUE,TRUE,TRUE,TRUE,FALSE,FALSE,FALSE,TRUE,FALSE,FALSE,FALSE,FALSE,FALSE,FALSE,FALSE,FALSE,FALSE,FALSE,FALSE,FALSE,FALSE,TRUE,TRUE,FALSE,FALSE,FALSE,FALSE,TRUE,FALSE,TRUE,FALSE,TRUE,FALSE,FALSE,FALSE,FALSE
Franciscan Alliance,2014-02-22T11:50:00.000Z,,provider,franciscan-alliance,,,Indiana,,40.2671941,-86.1349019,,https://mychart.ssfhs.org/,,,,,"A trusted leader in providing faith-based, integrated health care, Franciscan Alliance brings together the latest technology, innovative procedures and the brightest, most compassionate people to serve our patients in Indiana, Illinois and Michigan. ",,FALSE,FALSE,TRUE,TRUE,FALSE,FALSE,FALSE,FALSE,FALSE,TRUE,TRUE,TRUE,TRUE,FALSE,FALSE,FALSE,FALSE,FALSE,FALSE,FALSE,FALSE,FALSE,FALSE,FALSE,FALSE,FALSE,FALSE,FALSE,FALSE,FALSE,TRUE,FALSE,TRUE,FALSE,TRUE,FALSE,TRUE,FALSE,TRUE,FALSE,FALSE,FALSE,FALSE,FALSE,FALSE
Grady,2014-02-22T11:50:00.000Z,,provider,grady,,,Georgia ,,32.1656221,-82.9000751,,https://mychart.gradyhealth.org/,,,,,"Grady is best known for its premier Level 1 Trauma Center, its top rated Burn Center and The Marcus Stroke and Neuroscience Center - a Joint Commission designated Advanced Comprehensive Stroke Center. But Grady is also one of Metro Atlanta’s leading providers of Primary Care, providing quality services for thousands of families every year.",,FALSE,FALSE,FALSE,FALSE,FALSE,FALSE,FALSE,FALSE,FALSE,FALSE,TRUE,TRUE,FALSE,FALSE,FALSE,FALSE,FALSE,FALSE,FALSE,FALSE,FALSE,FALSE,FALSE,FALSE,FALSE,FALSE,FALSE,FALSE,FALSE,FALSE,TRUE,FALSE,TRUE,FALSE,FALSE,FALSE,TRUE,FALSE,FALSE,FALSE,TRUE,FALSE,FALSE,FALSE,FALSE
Hawaii Pacific Health,2014-02-22T11:50:00.000Z,,provider,hawaii-pacific-health,,,Hawaii,,19.8967662,-155.5827818,,https://myhealthadvantage.hawaiipacifichealth.org,,,,,"Hawai‘i Pacific Health is an integrated family of hospitals and doctors whose not-for-profit mission is to provide the highest quality, most accessible medical care to the people of Hawai‘i and the Pacific Region.",,FALSE,FALSE,FALSE,FALSE,FALSE,FALSE,FALSE,FALSE,FALSE,FALSE,TRUE,TRUE,FALSE,FALSE,FALSE,FALSE,FALSE,FALSE,FALSE,TRUE,FALSE,FALSE,FALSE,FALSE,FALSE,FALSE,FALSE,FALSE,FALSE,FALSE,TRUE,TRUE,TRUE,FALSE,FALSE,FALSE,TRUE,TRUE,TRUE,FALSE,TRUE,FALSE,FALSE,FALSE,FALSE
Infirmary Health,2014-02-22T11:50:00.000Z,,provider,infirmary-health,,,Alabama,,32.3182314,-86.902298,,https://www.myihchart.org,,,,,"Infirmary Health is more than a hospital. It’s the state’s largest non-government healthcare team, devoted to patient care through three acute-care hospitals, three rehabilitation hospitals, three outpatient facilities and more than 30 medical clinics. ",,FALSE,FALSE,FALSE,TRUE,FALSE,FALSE,FALSE,FALSE,FALSE,FALSE,TRUE,TRUE,FALSE,FALSE,FALSE,TRUE,TRUE,FALSE,FALSE,FALSE,FALSE,FALSE,FALSE,FALSE,FALSE,FALSE,FALSE,FALSE,FALSE,FALSE,TRUE,FALSE,TRUE,FALSE,FALSE,FALSE,TRUE,TRUE,TRUE,FALSE,FALSE,FALSE,FALSE,FALSE,FALSE
Lee Memorial Health System,2014-02-22T11:50:00.000Z,,provider,lee-memorial-health-system,,,Florida,,27.6648274,-81.5157535,,https://mychart.leememorial.org,,http://www.leememorial.org/mychart/lmhs_mobile_mychart.asp,,,"Our hospitals have once again earned top recognition from Healthgrades, a leader in health care ratings in the United States.",,FALSE,FALSE,FALSE,TRUE,TRUE,FALSE,FALSE,FALSE,FALSE,FALSE,TRUE,TRUE,TRUE,FALSE,TRUE,FALSE,TRUE,FALSE,FALSE,FALSE,FALSE,FALSE,FALSE,FALSE,FALSE,FALSE,FALSE,FALSE,FALSE,FALSE,TRUE,TRUE,TRUE,FALSE,FALSE,FALSE,TRUE,FALSE,TRUE,FALSE,TRUE,FALSE,FALSE,FALSE,FALSE
Loma Linda University Health System,2014-02-22T11:50:00.000Z,,provider,loma-linda-university-health-system,,,California,,36.778261,-119.4179324,,https://mylluhealth.org,,,,,"Welcome to the world-renowned Loma Linda University Medical Center – home to some of the nation’s largest clinical programs, providing Whole Person Care for more than 33,000 inpatients and .5 million outpatients annually.",,FALSE,FALSE,FALSE,TRUE,TRUE,FALSE,FALSE,FALSE,FALSE,FALSE,TRUE,TRUE,TRUE,FALSE,TRUE,FALSE,TRUE,FALSE,FALSE,FALSE,FALSE,FALSE,FALSE,FALSE,FALSE,FALSE,FALSE,FALSE,FALSE,FALSE,TRUE,TRUE,TRUE,FALSE,FALSE,FALSE,TRUE,FALSE,TRUE,FALSE,TRUE,FALSE,FALSE,FALSE,FALSE
Loyola Medicine,2014-02-22T11:50:00.000Z,,provider,loyola-medicine,,,Illinois,,40.6331249,-89.3985283,,https://myloyola.luhs.org/mychart/default.asp,,https://itunes.apple.com/us/app/mychart/id382952264     https://play.google.com/store/apps/details?id=epic.mychart.android,,,"At Loyola University Health System, medicine is more than our profession; it's our calling. We are one of the nation's premier medical centers for patient care, research and education.",,FALSE,FALSE,FALSE,TRUE,FALSE,FALSE,FALSE,FALSE,FALSE,FALSE,TRUE,TRUE,FALSE,FALSE,FALSE,TRUE,TRUE,FALSE,FALSE,FALSE,FALSE,FALSE,FALSE,FALSE,FALSE,FALSE,FALSE,FALSE,FALSE,FALSE,FALSE,FALSE,TRUE,FALSE,FALSE,FALSE,TRUE,FALSE,TRUE,FALSE,TRUE,FALSE,FALSE,FALSE,FALSE
Maricopa Integrated Health System,2014-02-22T11:50:00.000Z,,provider,maricopa-integrated-health-system,,,Arizona,,34.0489281,-111.0937311,,https://mychart.mihs.org,,,,,"Maricopa Integrated Health System (MIHS) includes Maricopa Medical Center, the Arizona Burn Center, the Comprehensive Healthcare Center, the McDowell Healthcare Clinic, 11 community-oriented family health centers, and an attendant care program",,FALSE,FALSE,FALSE,TRUE,FALSE,FALSE,FALSE,FALSE,FALSE,FALSE,TRUE,FALSE,FALSE,FALSE,FALSE,FALSE,TRUE,FALSE,FALSE,FALSE,FALSE,FALSE,FALSE,FALSE,FALSE,FALSE,FALSE,FALSE,FALSE,FALSE,TRUE,FALSE,TRUE,FALSE,FALSE,FALSE,TRUE,FALSE,TRUE,FALSE,TRUE,FALSE,FALSE,FALSE,FALSE
Martin Health,2014-02-22T11:50:00.000Z,,provider,martin-health,,,Florida,,27.6648274,-81.5157535,,https://mychart.martinhealth.org,,https://mychart.martinhealth.org/mychart/#,,,"Martin Health System based in Stuart, Fla. comprises three hospitals, two MediCenters, a free-standing emergency center, and numerous outpatient centers and clinics. ",,FALSE,FALSE,FALSE,TRUE,FALSE,FALSE,FALSE,FALSE,FALSE,FALSE,TRUE,TRUE,FALSE,FALSE,FALSE,FALSE,TRUE,FALSE,FALSE,FALSE,FALSE,FALSE,FALSE,FALSE,FALSE,FALSE,FALSE,FALSE,FALSE,FALSE,TRUE,FALSE,TRUE,FALSE,FALSE,FALSE,TRUE,FALSE,TRUE,FALSE,TRUE,FALSE,FALSE,FALSE,FALSE
Memorial Healthcare System,2014-02-22T11:50:00.000Z,,provider,memorial-healthcare-system,,,Florida,,27.6648274,-81.5157535,,https://mychart.mhs.net,,,,,"Since its inception in 1953, Memorial Healthcare System has been a leader in providing high-quality health care services to South Florida residents. Today, it is the second-largest public health care system in the nation and highly regarded for its exceptional patient- and family-centered care.",,FALSE,FALSE,FALSE,FALSE,FALSE,FALSE,FALSE,FALSE,FALSE,FALSE,TRUE,TRUE,FALSE,FALSE,TRUE,FALSE,FALSE,FALSE,FALSE,FALSE,FALSE,FALSE,FALSE,FALSE,FALSE,FALSE,FALSE,FALSE,FALSE,FALSE,TRUE,FALSE,TRUE,FALSE,FALSE,FALSE,TRUE,FALSE,TRUE,FALSE,TRUE,FALSE,FALSE,FALSE,FALSE
Mercy Health System,2014-02-22T11:50:00.000Z,,provider,mercy-health-system,,,Wisconsin,,43.7844397,-88.7878678,,https://mychart.mercyhealthsystem.org,,https://itunes.apple.com/us/app/mychart/id382952264   https://play.google.com/store/apps/details?id=epic.mychart.android ,,,"For over 125 years, Mercy has touched the lives of millions of individuals throughout southern Wisconsin and northern Illinois. We have healed bodies, mended families and saved lives.",,FALSE,FALSE,FALSE,FALSE,FALSE,FALSE,FALSE,FALSE,FALSE,FALSE,TRUE,TRUE,FALSE,FALSE,TRUE,FALSE,FALSE,FALSE,FALSE,FALSE,FALSE,FALSE,FALSE,FALSE,FALSE,FALSE,FALSE,FALSE,FALSE,FALSE,TRUE,FALSE,TRUE,FALSE,FALSE,FALSE,TRUE,FALSE,TRUE,FALSE,TRUE,FALSE,FALSE,FALSE,FALSE
Nemours,2014-02-22T11:50:00.000Z,,provider,nemours,,,DC,,38.9072309,-77.0364641,,https://mynemours.nemours.org,,,,,"To provide leadership, institutions, and services to restore and improve the health of children through care and programs not readily available, with one high standard of quality and distinction, regardless of the recipient's financial status.",,FALSE,FALSE,FALSE,FALSE,FALSE,FALSE,FALSE,FALSE,FALSE,FALSE,TRUE,TRUE,FALSE,FALSE,TRUE,FALSE,FALSE,FALSE,FALSE,FALSE,FALSE,FALSE,FALSE,FALSE,FALSE,FALSE,FALSE,FALSE,FALSE,FALSE,TRUE,FALSE,TRUE,FALSE,FALSE,FALSE,TRUE,FALSE,TRUE,FALSE,TRUE,FALSE,FALSE,FALSE,FALSE
North Shore Unviersity Health System,2014-02-22T11:50:00.000Z,,provider,north-shore-unviersity-health-system,,,Illinois,,40.6331249,-89.3985283,,https://www.northshoreconnect.org,,,,,NorthShore University HealthSystem (NorthShore) is an integrated healthcare delivery system serving patients throughout the Chicago metropolitan area.,,FALSE,TRUE,TRUE,FALSE,TRUE,FALSE,FALSE,FALSE,FALSE,TRUE,TRUE,TRUE,TRUE,FALSE,TRUE,FALSE,FALSE,FALSE,FALSE,FALSE,FALSE,FALSE,FALSE,FALSE,FALSE,FALSE,FALSE,FALSE,FALSE,FALSE,TRUE,TRUE,TRUE,FALSE,FALSE,FALSE,TRUE,FALSE,TRUE,FALSE,TRUE,FALSE,FALSE,FALSE,FALSE
Northwestern Medical Faculty Foundation,2014-02-22T11:50:00.000Z,,provider,northwestern-medical-faculty-foundation,,,Illinois,,40.6331249,-89.3985283,,https://secure2.nmff.org/,,https://itunes.apple.com/us/app/mychart/id382952264?mt=8  https://play.google.com/store/apps/details?id=epic.mychart.android&feature=search_result#?t=W10.,,,"To promote optimal health for our patients and the broader community by preventing and curing disease, providing high quality medical care, and supporting critical inquiry and continuous learning.",,FALSE,FALSE,FALSE,TRUE,FALSE,FALSE,FALSE,FALSE,FALSE,FALSE,TRUE,TRUE,FALSE,FALSE,FALSE,FALSE,TRUE,FALSE,FALSE,FALSE,FALSE,FALSE,FALSE,FALSE,FALSE,FALSE,FALSE,FALSE,FALSE,FALSE,TRUE,FALSE,TRUE,FALSE,FALSE,FALSE,TRUE,FALSE,TRUE,FALSE,TRUE,FALSE,FALSE,FALSE,FALSE
OSF HealthCare,2014-02-22T11:50:00.000Z,,provider,osf-healthcare,,,Illinois,,40.6331249,-89.3985283,,https://www.osfmyhealth.org,,https://itunes.apple.com/us/app/mychart/id382952264?mt=8   https://play.google.com/store/apps/details?id=epic.mychart.android&feature=search_result#?t=W251bGwsMSwyLDEsImVwaWMubXljaGFydC5hbmRyb2lkIl0.,,,"OSF HealthCare owns an extensive network of home health services known as OSF Home Care Services and also owns OSF Saint Francis, Inc., comprised of healthcare-related businesses, and OSF Healthcare Foundation, the philanthropic arm for OSF Healthcare System and OSF Home Care Services.",,FALSE,FALSE,FALSE,FALSE,FALSE,FALSE,FALSE,FALSE,FALSE,FALSE,TRUE,TRUE,FALSE,FALSE,TRUE,FALSE,FALSE,FALSE,FALSE,FALSE,FALSE,FALSE,FALSE,FALSE,FALSE,FALSE,FALSE,FALSE,FALSE,FALSE,TRUE,FALSE,TRUE,FALSE,FALSE,FALSE,TRUE,FALSE,TRUE,FALSE,TRUE,FALSE,FALSE,FALSE,FALSE
Ochin,2014-02-22T11:50:00.000Z,,provider,ochin,,,Oregon,,43.8041334,-120.5542012,,https://mychart.ochin.org,,,,,"We are currently recognized as one of the nation’s largest and most successful health information networks, spanning 17 states and boasting over 70 clinic system members and over 4,500 physicians. ",,FALSE,FALSE,FALSE,FALSE,FALSE,FALSE,FALSE,FALSE,FALSE,FALSE,TRUE,TRUE,FALSE,FALSE,FALSE,FALSE,FALSE,FALSE,FALSE,FALSE,FALSE,FALSE,FALSE,FALSE,FALSE,FALSE,FALSE,FALSE,FALSE,FALSE,TRUE,FALSE,TRUE,FALSE,FALSE,FALSE,TRUE,FALSE,TRUE,FALSE,TRUE,FALSE,FALSE,FALSE,FALSE
Park Nicollet,2014-02-22T11:50:00.000Z,,provider,park-nicollet,,,Minnesota,,46.729553,-94.6858998,,https://mychart.parknicollet.com/mychartparknicollet/,,https://itunes.apple.com/us/app/mychart/id382952264   https://play.google.com/store/apps/details?id=epic.mychart.android,,,"Our mission is to improve health and well-being in partnership with our members, patients and community.",,FALSE,FALSE,TRUE,FALSE,TRUE,FALSE,FALSE,FALSE,FALSE,TRUE,TRUE,FALSE,TRUE,FALSE,FALSE,FALSE,FALSE,FALSE,FALSE,FALSE,FALSE,FALSE,FALSE,FALSE,FALSE,FALSE,FALSE,FALSE,FALSE,FALSE,TRUE,TRUE,FALSE,FALSE,FALSE,FALSE,TRUE,TRUE,TRUE,FALSE,TRUE,FALSE,FALSE,FALSE,FALSE
PeaceHealth,2014-02-22T11:50:00.000Z,,provider,peacehealth,,,Washington,,38.9072309,-77.0364641,,https://patientconnection.peacehealth.org,,,,,"PeaceHealth is a Catholic health system, founded by the Sisters of St. Joseph of Peace in 1890, owned and operated by PeaceHealth. 
",,FALSE,FALSE,FALSE,FALSE,FALSE,FALSE,FALSE,FALSE,FALSE,FALSE,TRUE,TRUE,FALSE,FALSE,FALSE,FALSE,FALSE,FALSE,FALSE,FALSE,FALSE,FALSE,FALSE,FALSE,FALSE,FALSE,FALSE,FALSE,FALSE,FALSE,TRUE,FALSE,TRUE,FALSE,FALSE,FALSE,TRUE,FALSE,TRUE,FALSE,TRUE,FALSE,FALSE,FALSE,FALSE
Piedmont Healthcare,2014-02-22T11:50:00.000Z,,provider,piedmont-healthcare,,,Georgia ,,32.1656221,-82.9000751,,http://www.piedmont.org/patient-tools/MyChart-and-NextMD.aspx,,,,,"For more than a century, Piedmont Healthcare has been a recognized leader in delivering expert care. Last year, Piedmont served nearly two million patients - performing over 44,000 surgeries, delivering 8,000 babies, providing 471,695 outpatient encounters, completing 235 organ transplants and handling nearly 250,000 emergency room visits. ",,FALSE,FALSE,FALSE,FALSE,FALSE,FALSE,FALSE,FALSE,FALSE,FALSE,TRUE,TRUE,TRUE,FALSE,FALSE,FALSE,FALSE,FALSE,FALSE,FALSE,FALSE,FALSE,FALSE,FALSE,FALSE,FALSE,FALSE,FALSE,FALSE,FALSE,TRUE,TRUE,TRUE,FALSE,FALSE,FALSE,TRUE,FALSE,TRUE,FALSE,TRUE,FALSE,FALSE,FALSE,FALSE
Provena Medical Group,2014-02-22T11:50:00.000Z,,provider,provena-medical-group,,,Illinois,,40.6331249,-89.3985283,,https://mychart.reshealth.org/mychart/,,,,,Provena Medical Group (PMG) is a network of more than 50 providers representing 15 specialties in more than 22 locations throughout Illinois. ,,FALSE,FALSE,FALSE,FALSE,FALSE,FALSE,FALSE,FALSE,FALSE,FALSE,TRUE,TRUE,TRUE,FALSE,FALSE,FALSE,FALSE,FALSE,FALSE,FALSE,FALSE,FALSE,FALSE,FALSE,FALSE,FALSE,FALSE,FALSE,FALSE,FALSE,TRUE,TRUE,TRUE,FALSE,FALSE,FALSE,TRUE,FALSE,TRUE,FALSE,TRUE,FALSE,FALSE,FALSE,FALSE
Providence Health & Services (Oregon),2014-02-22T11:50:00.000Z,,provider,providence-health---services--oregon-,,,Oregon,,43.8041334,-120.5542012,,https://mychartor.providence.org/,,https://itunes.apple.com/us/app/mychart/id382952264   https://play.google.com/store/apps/details?id=epic.mychart.android&hl=en,,,"We strive to give those we serve exceptional, compassionate health care that provides peace of mind. At Providence, it’s not just health care, it’s how we care™

",,FALSE,FALSE,TRUE,FALSE,TRUE,FALSE,FALSE,FALSE,FALSE,TRUE,TRUE,FALSE,TRUE,FALSE,FALSE,FALSE,FALSE,FALSE,FALSE,FALSE,FALSE,FALSE,FALSE,FALSE,FALSE,FALSE,FALSE,FALSE,FALSE,FALSE,TRUE,TRUE,FALSE,FALSE,FALSE,FALSE,TRUE,TRUE,TRUE,FALSE,TRUE,FALSE,FALSE,FALSE,FALSE
Providence Health & Services (Alaska),2014-02-28T11:50:00.000Z,,provider,providence-health---services--alaska-,,,Alaska,,64.2008413,-149.4936733,,https://mychartak.providence.org,,https://itunes.apple.com/us/app/mychart/id382952264   https://play.google.com/store/apps/details?id=epic.mychart.android&hl=en,,,"Providence Alaska Medical Center is located at 3200 Providence Drive in Anchorage, Alaska, is Alaska's largest hospital, has 371 beds, 766 nurses and more than 500 physicians on staff",,FALSE,FALSE,TRUE,FALSE,TRUE,FALSE,FALSE,FALSE,FALSE,TRUE,TRUE,FALSE,TRUE,FALSE,FALSE,FALSE,FALSE,FALSE,FALSE,FALSE,FALSE,FALSE,FALSE,FALSE,FALSE,FALSE,FALSE,FALSE,FALSE,FALSE,TRUE,TRUE,FALSE,FALSE,FALSE,FALSE,TRUE,TRUE,TRUE,FALSE,TRUE,FALSE,FALSE,FALSE,FALSE
Rady Children's Hospital,2014-02-22T11:50:00.000Z,,provider,rady-children-s-hospital,,,California,,36.778261,-119.4179324,,https://www.mychartatradychildrens.org,,https://itunes.apple.com/us/app/mychart/id382952264   https://play.google.com/store/apps/details?id=epic.mychart.android&hl=en,,,"Rady Children's Hospital-San Diego is the region’s pediatric medical center serving San Diego, Imperial, and southern Riverside counties.",,FALSE,FALSE,TRUE,FALSE,TRUE,FALSE,FALSE,FALSE,FALSE,TRUE,TRUE,FALSE,TRUE,FALSE,FALSE,FALSE,FALSE,FALSE,FALSE,FALSE,FALSE,FALSE,FALSE,FALSE,FALSE,FALSE,FALSE,FALSE,FALSE,FALSE,TRUE,TRUE,FALSE,FALSE,FALSE,FALSE,TRUE,TRUE,TRUE,FALSE,TRUE,FALSE,FALSE,FALSE,FALSE
Renown Health,2014-02-22T11:50:00.000Z,,provider,renown-health,,,Nevada,,38.8026097,-116.419389,,https://mychart.renown.org,,,,,"Renown Health is northern Nevada's largest integrated health network and a nationally recognized healthcare leader. Based in Reno, Renown serves a 17-county region comprised of northern Nevada, Lake Tahoe and northeast California.",,FALSE,FALSE,TRUE,FALSE,TRUE,FALSE,FALSE,FALSE,FALSE,TRUE,TRUE,FALSE,TRUE,FALSE,FALSE,FALSE,FALSE,FALSE,FALSE,FALSE,FALSE,FALSE,FALSE,FALSE,FALSE,FALSE,FALSE,FALSE,FALSE,FALSE,TRUE,TRUE,FALSE,FALSE,FALSE,FALSE,TRUE,TRUE,TRUE,FALSE,TRUE,FALSE,FALSE,FALSE,FALSE
Riverside Medical Clinic,2014-02-22T11:50:00.000Z,,provider,riverside-medical-clinic,,,California,,36.778261,-119.4179324,,https://myhealthyconnection.riversidemedicalclinic.com/,,,,,My Healthy Connection is a secure online connection Riverside Medical Clinic provides to all patients. It is a personalized tool that can be easily accessed from the convenience of your computer. ,,FALSE,FALSE,TRUE,FALSE,TRUE,FALSE,FALSE,FALSE,FALSE,TRUE,TRUE,FALSE,TRUE,FALSE,FALSE,FALSE,FALSE,FALSE,FALSE,FALSE,FALSE,FALSE,FALSE,FALSE,FALSE,FALSE,FALSE,FALSE,FALSE,FALSE,TRUE,TRUE,FALSE,FALSE,FALSE,FALSE,TRUE,TRUE,TRUE,FALSE,TRUE,FALSE,FALSE,FALSE,FALSE
Saguaro Physicians,2014-02-22T11:50:00.000Z,,provider,saguaro-physicians,,,Arizona,,34.0489281,-111.0937311,,https://mychart.tmcaz.com,,https://itunes.apple.com/us/app/mychart/id382952264   https://play.google.com/store/apps/details?id=epic.mychart.android&hl=en,,,"When you or a family member is ill, please call your Saguaro Physicians office first. We will make every effort to get you seen in our offices that day. If we are not able to accommodate the same-day request or if the condition in emergent, we recommend you go to Tucson Medical Center.",,FALSE,FALSE,TRUE,FALSE,TRUE,FALSE,FALSE,FALSE,FALSE,TRUE,TRUE,FALSE,TRUE,FALSE,FALSE,FALSE,FALSE,FALSE,FALSE,FALSE,FALSE,FALSE,FALSE,FALSE,FALSE,FALSE,FALSE,FALSE,FALSE,FALSE,TRUE,TRUE,FALSE,FALSE,FALSE,FALSE,TRUE,TRUE,TRUE,FALSE,TRUE,FALSE,FALSE,FALSE,FALSE
Sansum Clinic,2014-02-22T11:50:00.000Z,,provider,sansum-clinic,,,California,,36.778261,-119.4179324,,https://mychart.sansumclinic.org/,,,,,"Our longevity is due to our ongoing investment in the latest equipment and technology and our recruitment of the best and the brightest physicians, which combined, enable us to deliver the high-tech and high-touch elements of quality healthcare.",,FALSE,FALSE,TRUE,FALSE,TRUE,FALSE,FALSE,FALSE,FALSE,TRUE,TRUE,FALSE,TRUE,FALSE,FALSE,FALSE,FALSE,FALSE,FALSE,FALSE,FALSE,FALSE,FALSE,FALSE,FALSE,FALSE,FALSE,FALSE,FALSE,FALSE,TRUE,TRUE,FALSE,FALSE,FALSE,FALSE,TRUE,TRUE,TRUE,FALSE,TRUE,FALSE,FALSE,FALSE,FALSE
Santa Clara Valley Health & Hospital System,2014-02-22T11:50:00.000Z,,provider,santa-clara-valley-health---hospital-system,,,California,,36.778261,-119.4179324,,https://myhealthonline.sccgov.org,,,,,"Santa Clara Valley Health & Hospital System works to prevent the outbreak and spread of infectious diseases, plans and prepares for medical, man-made and natural disasters, and helps those suffering from mental illness or struggling with addiction to rebuild their lives. ",,FALSE,FALSE,TRUE,FALSE,FALSE,FALSE,FALSE,FALSE,FALSE,TRUE,TRUE,TRUE,TRUE,FALSE,FALSE,FALSE,FALSE,FALSE,FALSE,FALSE,FALSE,FALSE,FALSE,FALSE,FALSE,FALSE,FALSE,FALSE,FALSE,FALSE,FALSE,FALSE,TRUE,FALSE,FALSE,FALSE,FALSE,FALSE,TRUE,FALSE,FALSE,FALSE,FALSE,FALSE,FALSE
Singing River Health System,2014-02-22T11:50:00.000Z,,provider,singing-river-health-system,,,Mississippi,,32.3546679,-89.3985283,,https://mychart.mysrhs.com/mychart/,,https://itunes.apple.com/us/app/mychart/id382952264   https://play.google.com/store/apps/details?id=epic.mychart.android&hl=en,,,"Singing River Health System is a governmental entity organized and existing pursuant to the community hospital statutes of the State of Mississippi operating as a not-for-profit organization. 

",,FALSE,FALSE,FALSE,FALSE,FALSE,FALSE,FALSE,FALSE,FALSE,FALSE,TRUE,TRUE,FALSE,FALSE,FALSE,FALSE,FALSE,FALSE,FALSE,FALSE,FALSE,FALSE,FALSE,FALSE,FALSE,FALSE,FALSE,FALSE,FALSE,FALSE,TRUE,FALSE,TRUE,FALSE,FALSE,FALSE,TRUE,FALSE,TRUE,FALSE,TRUE,FALSE,FALSE,FALSE,FALSE
St. Luke's Idaho Health System,2014-02-22T11:50:00.000Z,,provider,st--luke-s-idaho-health-system,,,Idaho,,44.0682019,-114.7420408,,https://mychart.slhs.org/,,https://itunes.apple.com/us/app/mychart/id382952264   https://play.google.com/store/apps/details?id=epic.mychart.android&hl=en,,,"As the only Idaho-based, not-for-profit health system, St. Luke’s Health System is part of the communities we serve, with local physicians and boards who further our organization’s mission “To improve the health of people in our region.”",,FALSE,FALSE,FALSE,FALSE,FALSE,FALSE,FALSE,FALSE,FALSE,FALSE,TRUE,TRUE,FALSE,FALSE,FALSE,FALSE,FALSE,FALSE,FALSE,FALSE,FALSE,FALSE,FALSE,FALSE,FALSE,FALSE,FALSE,FALSE,FALSE,FALSE,TRUE,FALSE,TRUE,FALSE,FALSE,FALSE,TRUE,FALSE,TRUE,FALSE,TRUE,FALSE,FALSE,FALSE,FALSE
Stanford Medicine,2014-02-22T11:50:00.000Z,,provider,stanford-medicine,,,California,,36.778261,-119.4179324,,https://myhealth.stanfordmedicine.org,,https://itunes.apple.com/us/app/mychart/id382952264   https://play.google.com/store/apps/details?id=epic.mychart.android&hl=en,,,"Stanford Hospital & Clinics, consistently ranked among the top hospitals in the nation for advanced care in such areas as cancer treatment, cardiac care, neurology, orthopedic surgery, and organ transplantation.",,FALSE,FALSE,TRUE,FALSE,TRUE,FALSE,FALSE,FALSE,FALSE,FALSE,TRUE,TRUE,TRUE,FALSE,FALSE,FALSE,FALSE,FALSE,FALSE,FALSE,FALSE,FALSE,FALSE,FALSE,FALSE,FALSE,FALSE,FALSE,FALSE,FALSE,TRUE,TRUE,TRUE,FALSE,FALSE,FALSE,TRUE,FALSE,TRUE,FALSE,TRUE,FALSE,FALSE,FALSE,FALSE
Sutter Health,2014-02-22T11:50:00.000Z,,provider,sutter-health,,,California,,36.778261,-119.4179324,,https://myhealthonline.sutterhealth.org,,https://itunes.apple.com/us/app/mychart/id382952264   https://play.google.com/store/apps/details?id=epic.mychart.android&hl=en,,,"Sutter Health is a not-for-profit health system in Northern California, headquartered in Sacramento. It includes doctors, hospitals and other health care services in more than 100 Northern California cities and towns.",,FALSE,FALSE,TRUE,FALSE,FALSE,FALSE,FALSE,FALSE,TRUE,TRUE,TRUE,TRUE,TRUE,FALSE,FALSE,FALSE,FALSE,FALSE,FALSE,FALSE,FALSE,FALSE,FALSE,FALSE,FALSE,FALSE,FALSE,FALSE,FALSE,FALSE,FALSE,TRUE,TRUE,FALSE,FALSE,FALSE,FALSE,FALSE,TRUE,FALSE,TRUE,FALSE,FALSE,FALSE,FALSE
Talbert Medical Group,2014-02-22T11:50:00.000Z,,provider,talbert-medical-group,,,California,,36.778261,-119.4179324,,https://www.tmg4me.com/,,,,,"Since 1992, HealthCare Partners has been committed to developing innovative models of healthcare delivery that improve our patients' quality of life while containing healthcare costs. ",,FALSE,FALSE,TRUE,TRUE,FALSE,FALSE,FALSE,FALSE,FALSE,TRUE,TRUE,TRUE,FALSE,FALSE,FALSE,FALSE,FALSE,FALSE,FALSE,FALSE,FALSE,FALSE,FALSE,FALSE,FALSE,FALSE,FALSE,FALSE,FALSE,FALSE,FALSE,FALSE,TRUE,FALSE,FALSE,FALSE,FALSE,FALSE,TRUE,FALSE,FALSE,FALSE,FALSE,FALSE,FALSE
Tampa General Hospital,2014-02-22T11:50:00.000Z,,provider,tampa-general-hospital,,,Florida,,27.6648274,-81.5157535,,https://mychart.tgh.org/,,https://itunes.apple.com/us/app/mychart/id382952264   https://play.google.com/store/apps/details?id=epic.mychart.android&hl=en,,,Tampa General is a private not-for-profit hospital and one of the most comprehensive medical facilities in West Central Florida serving a dozen counties with a population in excess of 4 million. ,,FALSE,FALSE,TRUE,FALSE,FALSE,FALSE,FALSE,FALSE,FALSE,FALSE,TRUE,TRUE,FALSE,FALSE,FALSE,FALSE,FALSE,FALSE,FALSE,FALSE,FALSE,FALSE,FALSE,FALSE,FALSE,FALSE,FALSE,FALSE,FALSE,FALSE,FALSE,FALSE,TRUE,FALSE,FALSE,FALSE,TRUE,FALSE,TRUE,FALSE,FALSE,FALSE,FALSE,FALSE,FALSE
Trinity Mother Frances,2014-02-22T11:50:00.000Z,,provider,trinity-mother-frances,,,Texas,,31.9685988,-99.9018131,,https://mychart.tmfhs.org,,,,,For more than 75 years we have provided compassionate and comprehensive health care services to East Texans. ,,FALSE,FALSE,TRUE,FALSE,FALSE,FALSE,FALSE,FALSE,FALSE,FALSE,TRUE,TRUE,FALSE,FALSE,FALSE,FALSE,FALSE,FALSE,FALSE,FALSE,FALSE,FALSE,FALSE,FALSE,FALSE,FALSE,FALSE,FALSE,FALSE,FALSE,FALSE,FALSE,TRUE,FALSE,FALSE,FALSE,TRUE,FALSE,TRUE,FALSE,FALSE,FALSE,FALSE,FALSE,FALSE
University of Arkansas for Medical Sciences,2014-02-22T11:50:00.000Z,,provider,university-of-arkansas-for-medical-sciences,,,Arkansas,,35.20105,-91.8318334,,https://mychart.uamshealth.com/,,,,,The University of Arkansas for Medical Sciences (UAMS) is Arkansas' only comprehensive academic health center with outreach programs operating in every county and a regional campus in Northwest Arkansas.,,FALSE,FALSE,FALSE,FALSE,FALSE,FALSE,FALSE,FALSE,FALSE,FALSE,TRUE,TRUE,FALSE,FALSE,TRUE,FALSE,FALSE,FALSE,FALSE,FALSE,FALSE,FALSE,FALSE,FALSE,FALSE,FALSE,FALSE,FALSE,FALSE,FALSE,FALSE,FALSE,TRUE,FALSE,FALSE,FALSE,TRUE,FALSE,TRUE,FALSE,TRUE,FALSE,FALSE,FALSE,FALSE
UC Davis Health System,2014-02-22T11:50:00.000Z,,provider,uc-davis-health-system,,,California ,,36.778261,-119.4179324,,https://mychart.ucdavis.edu,,,,,"UC Davis Health System is improving lives and transforming health care by providing excellent patient care, conducting groundbreaking research, fostering innovative, interprofessional education, and creating dynamic, productive partnerships with the community.",,FALSE,FALSE,TRUE,FALSE,FALSE,FALSE,FALSE,FALSE,FALSE,TRUE,TRUE,TRUE,TRUE,FALSE,FALSE,FALSE,FALSE,FALSE,FALSE,FALSE,FALSE,FALSE,FALSE,FALSE,FALSE,FALSE,FALSE,FALSE,FALSE,FALSE,FALSE,FALSE,TRUE,FALSE,FALSE,FALSE,TRUE,FALSE,TRUE,FALSE,TRUE,FALSE,FALSE,FALSE,FALSE
UC San Diego Health System,2014-02-22T11:50:00.000Z,,provider,uc-san-diego-health-system,,,California ,,36.778261,-119.4179324,,https://myucsdchart.ucsd.edu/,,https://itunes.apple.com/us/app/mychart/id382952264   https://play.google.com/store/apps/details?id=epic.mychart.android&hl=en,,,"UC San Diego Health System, along with UC San Diego School of Medicine and Skaggs School of Pharmacy and Pharmaceutical Sciences comprise UC San Diego Health Sciences, which over the past four decades has gained international recognition as a place where discoveries are delivered – bringing breakthroughs from the research lab bench to patients’ bedsides.",,FALSE,FALSE,TRUE,FALSE,FALSE,FALSE,FALSE,FALSE,FALSE,TRUE,TRUE,TRUE,TRUE,FALSE,FALSE,FALSE,FALSE,FALSE,FALSE,FALSE,FALSE,FALSE,FALSE,FALSE,FALSE,FALSE,FALSE,FALSE,FALSE,FALSE,FALSE,FALSE,TRUE,FALSE,FALSE,FALSE,TRUE,FALSE,TRUE,FALSE,TRUE,FALSE,FALSE,FALSE,FALSE
UC San Francisco Medical Center,2014-02-22T11:50:00.000Z,,provider,uc-san-francisco-medical-center,,,California ,,36.778261,-119.4179324,,https://ucsfmychart.ucsfmedicalcenter.org/,,,,,"UCSF Medical Center is recognized throughout the world for innovative patient care, advanced technology and pioneering research. We are one of the nation's top 10 hospitals, according to an annual survey by U.S. News & World Report. For more than a century, we have offered the highest quality medical treatment.",,FALSE,TRUE,TRUE,TRUE,FALSE,FALSE,FALSE,FALSE,FALSE,FALSE,TRUE,TRUE,TRUE,FALSE,TRUE,FALSE,TRUE,FALSE,FALSE,FALSE,FALSE,FALSE,FALSE,FALSE,FALSE,FALSE,FALSE,FALSE,FALSE,FALSE,FALSE,FALSE,TRUE,FALSE,FALSE,FALSE,TRUE,FALSE,TRUE,FALSE,TRUE,FALSE,FALSE,FALSE,FALSE
University of Utah Medical,2014-02-22T11:50:00.000Z,,provider,university-of-utah-medical,,,Utah,,39.3209801,-111.0937311,,https://mychart.med.utah.edu,,,,,"Since University Hospital in Salt Lake City, Utah opened its doors in 1965, we’ve grown from a single hospital to an extensive health care system that includes four hospitals and 10 neighborhood health centers staffed by 1,000 board-certified University of Utah physicians trained in 200 medical specialties.

",,FALSE,FALSE,TRUE,TRUE,TRUE,FALSE,FALSE,FALSE,FALSE,FALSE,TRUE,TRUE,FALSE,FALSE,FALSE,FALSE,TRUE,FALSE,FALSE,FALSE,FALSE,FALSE,FALSE,FALSE,FALSE,FALSE,FALSE,FALSE,FALSE,FALSE,FALSE,TRUE,TRUE,TRUE,FALSE,FALSE,TRUE,FALSE,TRUE,FALSE,TRUE,FALSE,FALSE,FALSE,FALSE
Yale New Haven Health,2014-02-22T11:50:00.000Z,,provider,yale-new-haven-health,,,Connecticut ,,41.6032207,-73.087749,,https://mychart.ynhhs.org,,,,,"Yale New Haven Health System, through its Yale-New Haven, Bridgeport , Greenwich and Northeast Medical Group Delivery Networks, provides comprehensive, cost effective, advanced patient care characterized by safety and clinical and service quality.",,FALSE,FALSE,FALSE,FALSE,FALSE,FALSE,FALSE,FALSE,FALSE,FALSE,TRUE,TRUE,FALSE,FALSE,TRUE,FALSE,FALSE,FALSE,FALSE,FALSE,FALSE,FALSE,FALSE,FALSE,FALSE,FALSE,FALSE,FALSE,FALSE,FALSE,FALSE,FALSE,TRUE,FALSE,FALSE,FALSE,TRUE,FALSE,TRUE,FALSE,TRUE,FALSE,FALSE,FALSE,FALSE
Centers for Medicare & Medicaid Services (CMS),2014-02-25T10:37:00.000Z,,insurance,centers-for-medicare---medicaid-services--cms-,,Washington,DC,20420,38.900445,-77.035276,,https://mymedicare.gov/,,,,,"The federal agency that runs the Medicare program. In addition, CMS works with the States to run the Medicaid program. CMS works to make sure that the beneficiaries in these programs are able to get high quality health care.",,TRUE,TRUE,TRUE,TRUE,TRUE,FALSE,TRUE,TRUE,FALSE,TRUE,FALSE,TRUE,TRUE,FALSE,TRUE,TRUE,TRUE,TRUE,TRUE,TRUE,FALSE,FALSE,FALSE,FALSE,FALSE,FALSE,FALSE,FALSE,FALSE,FALSE,FALSE,FALSE,FALSE,TRUE,FALSE,FALSE,FALSE,FALSE,FALSE,TRUE,FALSE,TRUE,TRUE,FALSE,FALSE
Department of Defense,2014-03-11T15:08:18.000Z,,insurance,department-of-defense,"Defense Health Headquarters
7700 Arlington Blvd. ",,VA,Falls Church,37.4315734,-78.6568942,,http://www.tricareonline.com,,,,,"The Department of Defense (DoD) Blue Button provides eligible DoD beneficiaries who receive care at a military hospital or clinic, including active duty, retired service personnel and their qualified dependents, access to personal health data retrieved from DoD and VA electronic health records.

The DoD Blue Button is accessible via TRICARE Online, the DoD Patient Portal.  ",,TRUE,,,TRUE,,,,,,,,,,,,,TRUE,,TRUE,TRUE,TRUE,,,,,,,,,,,,,,,,TRUE,,TRUE,,,,,,